RTA,Somme,Nombre de donateurs,Moyenne
G0A,70127.81,837,83.78471923536439
G0C,53550.0,654,81.88073394495413
G0E,3000.0,45,66.66666666666667
G0G,6605.0,107,61.728971962616825
G0H,4709.0,68,69.25
G0J,46870.0,596,78.64093959731544
G0K,14097.0,192,73.421875
G0L,39371.26,533,73.86727954971857
G0M,7842.0,91,86.17582417582418
G0N,4961.7,77,64.43766233766233
G0P,11125.0,124,89.71774193548387
G0R,72962.0,882,82.7233560090703
G0S,48834.88,567,86.12853615520282
G0T,9816.62,132,74.36833333333334
G0V,10705.0,166,64.48795180722891
G0W,20100.0,260,77.3076923076923
G0X,54575.52,671,81.33460506706408
G0Y,12217.0,122,100.13934426229508
G0Z,4210.0,44,95.68181818181819
G1B,4515.0,62,72.8225806451613
G1C,18194.0,231,78.76190476190476
G1E,23359.0,277,84.32851985559567
G1G,19575.0,255,76.76470588235294
G1H,24960.89,331,75.41054380664653
G1J,18007.0,208,86.57211538461539
G1K,23392.0,254,92.09448818897638
G1L,24350.51,275,88.54730909090908
G1M,13478.18,177,76.14790960451978
G1N,4685.0,67,69.92537313432835
G1P,6967.0,91,76.56043956043956
G1R,74146.0,792,93.61868686868686
G1S,137379.25,1477,93.01235612728503
G1T,27830.0,255,109.13725490196079
G1V,52115.0,564,92.40248226950355
G1W,56545.0,607,93.15485996705107
G1X,54645.0,632,86.4636075949367
G1Y,32980.0,368,89.6195652173913
G2A,9685.0,120,80.70833333333333
G2B,12006.62,157,76.47528662420383
G2C,6310.0,84,75.11904761904762
G2E,14164.98,171,82.83614035087719
G2G,10690.0,108,98.98148148148148
G2J,1630.0,28,58.214285714285715
G2K,13799.0,173,79.76300578034682
G2L,12659.0,173,73.17341040462428
G2M,3135.0,44,71.25
G2N,4325.0,55,78.63636363636364
G3A,27552.0,304,90.63157894736842
G3B,11180.0,122,91.63934426229508
G3C,5211.64,67,77.78567164179105
G3E,6117.89,79,77.44164556962026
G3G,3092.0,36,85.88888888888889
G3H,1255.0,19,66.05263157894737
G3J,880.0,22,40.0
G3K,5805.0,66,87.95454545454545
G3L,5506.0,72,76.47222222222223
G3M,4412.0,67,65.85074626865672
G3N,4030.0,46,87.6086956521739
G3S,100.0,1,100.0
G3Z,9478.0,126,75.22222222222223
G4A,1242.0,20,62.1
G4R,19386.59,269,72.06910780669145
G4S,2785.0,46,60.54347826086956
G4T,24640.0,312,78.97435897435898
G4V,2650.0,32,82.8125
G4W,36312.0,466,77.92274678111588
G4X,25315.5,310,81.66290322580645
G4Z,10575.0,124,85.28225806451613
G5A,12005.0,183,65.60109289617486
G5B,5130.0,69,74.34782608695652
G5C,12820.0,167,76.76646706586827
G5H,9685.0,122,79.38524590163935
G5J,11295.0,135,83.66666666666667
G5L,56422.0,731,77.18467852257182
G5M,12545.15,182,68.92939560439561
G5N,9080.0,119,76.30252100840336
G5R,15440.0,215,71.81395348837209
G5T,2820.0,28,100.71428571428571
G5V,11820.0,144,82.08333333333333
G5X,1305.0,21,62.142857142857146
G5Y,9920.0,125,79.36
G5Z,1195.0,13,91.92307692307692
G6B,12655.0,155,81.64516129032258
G6C,1185.31,15,79.02066666666666
G6E,1435.0,13,110.38461538461539
G6G,6515.0,97,67.16494845360825
G6H,3450.0,66,52.27272727272727
G6J,8480.0,86,98.6046511627907
G6K,10075.0,111,90.76576576576576
G6L,6082.0,95,64.02105263157895
G6P,19962.0,242,82.48760330578513
G6R,1520.0,22,69.0909090909091
G6S,2300.0,28,82.14285714285714
G6T,5700.0,64,89.0625
G6V,39855.0,503,79.23459244532803
G6W,21136.3,245,86.27061224489796
G6X,9765.0,113,86.41592920353982
G6Y,3865.0,52,74.32692307692308
G6Z,20640.0,249,82.89156626506023
G7A,27300.0,301,90.69767441860465
G7B,12557.0,194,64.72680412371135
G7G,17082.0,189,90.38095238095238
G7H,49825.3,526,94.72490494296578
G7J,12336.58,127,97.13842519685039
G7K,950.0,9,105.55555555555556
G7N,8325.0,90,92.5
G7P,4290.0,64,67.03125
G7S,32730.0,466,70.23605150214593
G7T,965.0,26,37.11538461538461
G7X,28515.0,436,65.40137614678899
G7Y,1143.28,16,71.455
G7Z,1925.0,25,77.0
G8A,8876.64,145,61.21820689655172
G8B,23398.0,303,77.22112211221122
G8C,3865.0,70,55.214285714285715
G8E,950.0,14,67.85714285714286
G8G,1550.0,27,57.407407407407405
G8H,5590.0,77,72.59740259740259
G8J,4720.0,65,72.61538461538461
G8K,13405.0,158,84.84177215189874
G8L,17069.86,221,77.239185520362
G8M,1575.0,22,71.5909090909091
G8N,945.0,13,72.6923076923077
G8P,4302.0,60,71.7
G8T,20776.0,229,90.72489082969432
G8V,7175.0,83,86.44578313253012
G8W,10092.0,125,80.736
G8Y,39741.88,495,80.28662626262626
G8Z,23590.0,291,81.06529209621993
G9A,16855.0,220,76.61363636363636
G9B,16110.0,189,85.23809523809524
G9C,2470.0,39,63.333333333333336
G9H,14310.0,168,85.17857142857143
G9N,22205.0,273,81.33699633699634
G9P,9109.0,123,74.0569105691057
G9R,1115.0,14,79.64285714285714
G9T,12603.0,171,73.70175438596492
G9X,5430.0,74,73.37837837837837
H1A,26738.0,388,68.91237113402062
H1B,23586.42,272,86.7147794117647
H1C,4075.0,52,78.36538461538461
H1E,13055.0,143,91.2937062937063
H1G,13530.0,223,60.672645739910315
H1H,20113.22,242,83.11247933884297
H1J,6425.0,72,89.23611111111111
H1K,29131.18,372,78.30962365591398
H1L,43294.13,526,82.30823193916349
H1M,38110.0,420,90.73809523809524
H1N,35888.0,398,90.17085427135679
H1P,3792.5,38,99.80263157894737
H1R,5825.0,60,97.08333333333333
H1S,5425.0,71,76.40845070422536
H1T,41248.33,452,91.25736725663717
H1V,25825.0,314,82.2452229299363
H1W,27263.0,312,87.38141025641026
H1X,31286.0,357,87.63585434173669
H1Y,46463.71,531,87.50227871939737
H1Z,5065.0,54,93.79629629629629
H2A,7680.0,84,91.42857142857143
H2B,20142.0,215,93.68372093023255
H2C,36280.0,420,86.38095238095238
H2E,12690.0,154,82.40259740259741
H2G,21176.0,235,90.11063829787234
H2H,18875.0,211,89.45497630331754
H2J,45673.26,488,93.59274590163935
H2K,26391.92,319,82.73329153605015
H2L,48170.0,517,93.17214700193423
H2M,38682.0,416,92.98557692307692
H2N,2315.0,26,89.03846153846153
H2P,11805.0,112,105.40178571428571
H2R,23660.0,226,104.69026548672566
H2S,25089.99,259,96.87254826254826
H2T,20070.4,228,88.0280701754386
H2V,46093.0,475,97.0378947368421
H2W,6475.0,75,86.33333333333333
H2X,25624.29,243,105.44975308641976
H2Y,9255.0,92,100.59782608695652
H2Z,2745.0,25,109.8
H3A,625.0,5,125.0
H3B,700.0,7,100.0
H3C,12915.0,121,106.73553719008264
H3E,27487.0,267,102.94756554307116
H3G,2931.0,29,101.06896551724138
H3H,4699.0,51,92.13725490196079
H3J,4205.0,41,102.5609756097561
H3K,6210.0,65,95.53846153846153
H3L,47052.33,501,93.91682634730539
H3M,12470.0,133,93.7593984962406
H3N,3595.0,43,83.6046511627907
H3P,8740.0,80,109.25
H3R,2860.0,28,102.14285714285714
H3S,9360.0,105,89.14285714285714
H3T,13180.0,137,96.2043795620438
H3V,6855.0,68,100.80882352941177
H3W,6500.0,72,90.27777777777777
H3X,3825.0,41,93.29268292682927
H3Y,1215.0,13,93.46153846153847
H3Z,785.0,12,65.41666666666667
H4A,30845.0,274,112.57299270072993
H4B,4015.0,42,95.5952380952381
H4C,6257.0,63,99.31746031746032
H4E,18790.0,181,103.8121546961326
H4G,19095.0,208,91.80288461538461
H4H,9510.0,107,88.8785046728972
H4J,7276.0,73,99.67123287671232
H4K,8122.0,84,96.69047619047619
H4L,9790.0,130,75.3076923076923
H4M,2125.0,26,81.73076923076923
H4N,2000.0,28,71.42857142857143
H4P,1195.0,15,79.66666666666667
H4R,5275.0,49,107.65306122448979
H4V,870.0,7,124.28571428571429
H4W,475.0,7,67.85714285714286
H4X,165.0,6,27.5
H7A,8270.0,130,63.61538461538461
H7B,3920.0,59,66.44067796610169
H7C,8455.0,127,66.5748031496063
H7E,22005.0,275,80.01818181818182
H7G,18724.0,239,78.34309623430963
H7H,5995.0,77,77.85714285714286
H7J,3195.0,34,93.97058823529412
H7K,9440.0,122,77.37704918032787
H7L,36035.0,525,68.63809523809523
H7M,15425.0,205,75.2439024390244
H7N,26122.66,346,75.49901734104046
H7P,30408.0,512,59.390625
H7R,13787.0,214,64.42523364485982
H7S,2545.0,33,77.12121212121212
H7T,10600.0,133,79.69924812030075
H7V,13224.0,164,80.63414634146342
H7W,15140.0,152,99.60526315789474
H7X,17885.0,226,79.13716814159292
H7Y,3428.0,47,72.93617021276596
H8N,5545.0,94,58.98936170212766
H8P,12175.0,130,93.65384615384616
H8R,2175.0,34,63.970588235294116
H8S,7088.0,97,73.0721649484536
H8T,4690.0,57,82.28070175438596
H8Y,4055.0,38,106.71052631578948
H8Z,1345.0,23,58.47826086956522
H9A,1120.0,12,93.33333333333333
H9B,1260.0,13,96.92307692307692
H9C,5055.0,56,90.26785714285714
H9E,3405.0,39,87.3076923076923
H9G,1580.0,20,79.0
H9H,2620.0,22,119.0909090909091
H9J,1515.0,18,84.16666666666667
H9K,1340.0,18,74.44444444444444
H9P,100.0,1,100.0
H9R,2575.0,27,95.37037037037037
H9S,3145.0,36,87.36111111111111
H9W,5895.0,55,107.18181818181819
H9X,950.0,9,105.55555555555556
J0A,10910.0,147,74.21768707482993
J0B,45989.19,546,84.22928571428572
J0C,15922.0,191,83.36125654450262
J0E,34708.0,403,86.12406947890818
J0G,9902.0,126,78.58730158730158
J0H,36557.0,486,75.2201646090535
J0J,15785.85,199,79.32587939698493
J0K,124539.5,1550,80.34806451612903
J0L,33453.4,512,65.338671875
J0M,175.0,2,87.5
J0N,12296.0,176,69.86363636363636
J0P,18890.0,214,88.27102803738318
J0R,41683.64,483,86.3015320910973
J0S,17335.0,203,85.39408866995073
J0T,50889.0,607,83.83690280065898
J0V,25428.55,296,85.90726351351351
J0W,8334.31,102,81.70892156862745
J0X,13765.0,146,94.28082191780823
J0Y,11881.0,150,79.20666666666666
J0Z,19108.0,244,78.31147540983606
J1A,6115.0,71,86.12676056338029
J1C,1170.0,23,50.869565217391305
J1E,14145.14,186,76.04913978494623
J1G,12630.0,163,77.48466257668711
J1H,18836.59,241,78.1601244813278
J1J,38020.0,400,95.05
J1K,11200.0,114,98.24561403508773
J1L,20367.0,236,86.30084745762711
J1M,3045.0,35,87.0
J1N,19342.0,228,84.83333333333333
J1R,4467.0,62,72.04838709677419
J1S,3160.0,42,75.23809523809524
J1T,7480.0,92,81.30434782608695
J1X,43165.0,463,93.22894168466523
J1Z,4085.0,40,102.125
J2A,3625.0,51,71.07843137254902
J2B,16575.0,221,75.0
J2C,24850.0,292,85.1027397260274
J2E,1140.0,13,87.6923076923077
J2G,16285.0,204,79.82843137254902
J2H,10765.0,151,71.29139072847683
J2J,8870.0,106,83.67924528301887
J2K,14900.0,177,84.18079096045197
J2L,9815.0,102,96.22549019607843
J2M,6845.0,81,84.50617283950618
J2N,4520.0,49,92.24489795918367
J2R,9850.0,143,68.88111888111888
J2S,49720.26,685,72.58432116788322
J2T,12192.0,192,63.5
J2W,16105.0,217,74.21658986175115
J2X,9968.21,128,77.876640625
J2Y,3215.0,40,80.375
J3A,9275.0,117,79.27350427350427
J3B,25565.0,309,82.73462783171522
J3E,28445.0,334,85.16467065868264
J3G,43380.0,553,78.44484629294756
J3H,39645.0,459,86.37254901960785
J3L,48951.26,583,83.96442538593482
J3M,4085.0,45,90.77777777777777
J3N,12855.0,156,82.40384615384616
J3P,19478.55,248,78.54254032258065
J3R,12555.0,170,73.8529411764706
J3T,13645.0,184,74.15760869565217
J3V,36816.2,390,94.40051282051282
J3X,19069.99,254,75.07870078740159
J3Y,39275.0,499,78.70741482965931
J3Z,3550.0,38,93.42105263157895
J4B,54394.99,603,90.20728026533996
J4G,11225.0,114,98.46491228070175
J4H,54416.0,538,101.14498141263941
J4J,27660.0,357,77.47899159663865
J4K,19685.0,226,87.10176991150442
J4L,21650.0,278,77.87769784172662
J4M,14165.0,159,89.0880503144654
J4N,32145.0,350,91.84285714285714
J4P,21920.0,233,94.07725321888412
J4R,11210.0,112,100.08928571428571
J4S,6445.0,80,80.5625
J4T,4450.0,63,70.63492063492063
J4V,7190.0,75,95.86666666666666
J4W,4625.0,57,81.14035087719299
J4X,12165.0,153,79.50980392156863
J4Y,14185.0,160,88.65625
J4Z,10905.0,123,88.65853658536585
J5A,9630.0,114,84.47368421052632
J5B,2870.0,33,86.96969696969697
J5C,5600.0,69,81.15942028985508
J5J,4855.0,76,63.88157894736842
J5K,4030.0,53,76.0377358490566
J5L,13930.0,182,76.53846153846153
J5M,10370.0,114,90.96491228070175
J5N,8815.0,127,69.40944881889764
J5R,33857.0,389,87.03598971722366
J5T,9835.0,124,79.31451612903226
J5V,2450.0,30,81.66666666666667
J5W,23050.0,263,87.6425855513308
J5X,1130.0,24,47.083333333333336
J5Y,21560.0,255,84.54901960784314
J5Z,11205.0,149,75.20134228187919
J6A,45647.5,553,82.54520795660036
J6E,103822.0,1371,75.72720641867251
J6J,10455.0,125,83.64
J6K,7035.0,87,80.86206896551724
J6N,10246.61,139,73.71661870503597
J6R,6440.0,68,94.70588235294117
J6S,17927.0,228,78.62719298245614
J6T,12712.0,168,75.66666666666667
J6V,7000.0,87,80.45977011494253
J6W,23285.0,295,78.9322033898305
J6X,19965.0,236,84.59745762711864
J6Y,6235.0,75,83.13333333333334
J6Z,8648.0,122,70.88524590163935
J7A,13156.4,152,86.55526315789473
J7B,4995.0,54,92.5
J7C,22193.0,284,78.1443661971831
J7E,31575.0,390,80.96153846153847
J7G,10054.93,109,92.24706422018349
J7H,2998.99,42,71.40452380952381
J7J,9695.0,135,71.81481481481481
J7K,27575.0,330,83.56060606060606
J7L,7020.0,85,82.58823529411765
J7M,8380.0,133,63.00751879699248
J7N,8987.0,132,68.08333333333333
J7P,19915.0,233,85.47210300429184
J7R,21447.0,285,75.25263157894737
J7T,7080.0,105,67.42857142857143
J7V,21445.0,266,80.6203007518797
J7W,4605.0,64,71.953125
J7X,3185.0,44,72.38636363636364
J7Y,24580.0,339,72.50737463126843
J7Z,19612.0,275,71.31636363636363
J8A,7595.0,85,89.3529411764706
J8B,16490.0,181,91.10497237569061
J8C,9770.0,107,91.30841121495327
J8E,9010.0,119,75.71428571428571
J8G,2485.0,26,95.57692307692308
J8H,6785.0,86,78.8953488372093
J8L,3680.0,40,92.0
J8M,1680.0,22,76.36363636363636
J8N,2485.0,41,60.609756097560975
J8P,9745.0,114,85.48245614035088
J8R,13565.0,148,91.6554054054054
J8T,22895.0,271,84.48339483394834
J8V,20195.0,219,92.21461187214612
J8X,6860.0,74,92.70270270270271
J8Y,22711.0,256,88.71484375
J8Z,16915.0,179,94.49720670391062
J9A,32965.16,320,103.01612500000002
J9B,2450.0,30,81.66666666666667
J9E,1357.0,31,43.774193548387096
J9H,15980.0,174,91.83908045977012
J9J,9795.0,98,99.94897959183673
J9L,13926.64,170,81.92141176470588
J9P,19975.0,255,78.33333333333333
J9T,11664.0,155,75.2516129032258
J9V,1800.0,18,100.0
J9X,24725.0,283,87.36749116607774
J9Y,4380.0,53,82.64150943396227
J9Z,7722.0,106,72.84905660377359
