RTA,Year,Somme,Nombre de donateurs
G0A,2019,3178.88,46
G0A,2020,6267.0,87
G0A,2021,4865.0,69
G0A,2022,18034.0,162
G0A,2023,8964.0,130
G0A,2024,10598.98,138
G0A,2025,11254.96,142
G0A,2026,6964.99,63
G0C,2019,5010.0,72
G0C,2020,5345.0,68
G0C,2021,5800.0,83
G0C,2022,14735.0,142
G0C,2023,6005.0,85
G0C,2024,6570.0,89
G0C,2025,5880.0,74
G0C,2026,4205.0,41
G0E,2019,105.0,2
G0E,2020,360.0,5
G0E,2021,275.0,4
G0E,2022,1045.0,13
G0E,2023,255.0,4
G0E,2024,445.0,8
G0E,2025,315.0,7
G0E,2026,200.0,2
G0G,2019,530.0,13
G0G,2020,985.0,18
G0G,2021,590.0,13
G0G,2022,925.0,15
G0G,2023,780.0,13
G0G,2024,1220.0,16
G0G,2025,960.0,13
G0G,2026,615.0,6
G0H,2019,816.0,17
G0H,2020,610.0,10
G0H,2021,145.0,4
G0H,2022,1623.0,11
G0H,2023,335.0,7
G0H,2024,460.0,8
G0H,2025,445.0,7
G0H,2026,275.0,4
G0J,2019,3585.0,53
G0J,2020,4525.0,64
G0J,2021,4880.0,75
G0J,2022,12325.0,115
G0J,2023,5980.0,85
G0J,2024,7120.0,96
G0J,2025,5620.0,76
G0J,2026,2835.0,32
G0K,2019,935.0,15
G0K,2020,1447.0,24
G0K,2021,1175.0,18
G0K,2022,3865.0,41
G0K,2023,1555.0,24
G0K,2024,2250.0,29
G0K,2025,1815.0,28
G0K,2026,1055.0,13
G0L,2019,3736.0,62
G0L,2020,4827.0,65
G0L,2021,3050.0,51
G0L,2022,8425.0,86
G0L,2023,4255.0,63
G0L,2024,6124.98,87
G0L,2025,6124.96,88
G0L,2026,2828.32,31
G0M,2019,415.0,6
G0M,2020,520.0,10
G0M,2021,790.0,10
G0M,2022,2080.0,16
G0M,2023,1067.0,15
G0M,2024,1145.0,14
G0M,2025,1095.0,13
G0M,2026,730.0,7
G0N,2019,70.0,3
G0N,2020,175.0,5
G0N,2021,120.0,2
G0N,2022,1536.7,18
G0N,2023,580.0,11
G0N,2024,845.0,13
G0N,2025,1260.0,20
G0N,2026,375.0,5
G0P,2019,715.0,8
G0P,2020,1005.0,14
G0P,2021,1080.0,15
G0P,2022,3685.0,29
G0P,2023,1345.0,19
G0P,2024,1215.0,15
G0P,2025,1430.0,18
G0P,2026,650.0,6
G0R,2019,5840.0,94
G0R,2020,5932.0,87
G0R,2021,6625.0,92
G0R,2022,16120.0,142
G0R,2023,9835.0,126
G0R,2024,11310.0,146
G0R,2025,10965.0,144
G0R,2026,6335.0,51
G0S,2019,3385.0,47
G0S,2020,7095.0,97
G0S,2021,4630.0,71
G0S,2022,11790.0,100
G0S,2023,5546.64,67
G0S,2024,6129.96,76
G0S,2025,5644.96,70
G0S,2026,4613.32,39
G0T,2019,575.0,11
G0T,2020,930.0,14
G0T,2021,945.0,17
G0T,2022,2250.0,20
G0T,2023,1630.0,21
G0T,2024,1495.0,23
G0T,2025,1188.3,17
G0T,2026,803.3199999999999,9
G0V,2019,645.0,19
G0V,2020,1715.0,29
G0V,2021,510.0,10
G0V,2022,2865.0,35
G0V,2023,1555.0,20
G0V,2024,1595.0,25
G0V,2025,1370.0,19
G0V,2026,450.0,9
G0W,2019,760.0,15
G0W,2020,2290.0,28
G0W,2021,1090.0,19
G0W,2022,5435.0,51
G0W,2023,2415.0,33
G0W,2024,2805.0,43
G0W,2025,3310.0,49
G0W,2026,1995.0,22
G0X,2019,4389.96,77
G0X,2020,6469.96,80
G0X,2021,3464.96,57
G0X,2022,12686.64,123
G0X,2023,6774.0,92
G0X,2024,7630.0,100
G0X,2025,7435.0,93
G0X,2026,5725.0,49
G0Y,2019,775.0,9
G0Y,2020,2087.0,23
G0Y,2021,1550.0,16
G0Y,2022,2825.0,19
G0Y,2023,1180.0,15
G0Y,2024,1390.0,17
G0Y,2025,1100.0,13
G0Y,2026,1310.0,10
G0Z,2019,100.0,1
G0Z,2020,250.0,3
G0Z,2021,355.0,4
G0Z,2022,975.0,6
G0Z,2023,500.0,7
G0Z,2024,500.0,7
G0Z,2025,730.0,10
G0Z,2026,800.0,6
G1B,2019,105.0,5
G1B,2020,540.0,9
G1B,2021,200.0,2
G1B,2022,795.0,7
G1B,2023,570.0,8
G1B,2024,1160.0,17
G1B,2025,620.0,8
G1B,2026,525.0,6
G1C,2019,1130.0,18
G1C,2020,1785.0,26
G1C,2021,1375.0,21
G1C,2022,3577.0,33
G1C,2023,2445.0,33
G1C,2024,3425.0,43
G1C,2025,2582.0,39
G1C,2026,1875.0,18
G1E,2019,1280.0,23
G1E,2020,1605.0,22
G1E,2021,1630.0,23
G1E,2022,6554.0,61
G1E,2023,3405.0,47
G1E,2024,3355.0,44
G1E,2025,3065.0,38
G1E,2026,2465.0,19
G1G,2019,1050.0,19
G1G,2020,1850.0,30
G1G,2021,1775.0,24
G1G,2022,4715.0,48
G1G,2023,2200.0,31
G1G,2024,3220.0,42
G1G,2025,3245.0,44
G1G,2026,1520.0,17
G1H,2019,1575.0,29
G1H,2020,1572.0,33
G1H,2021,1320.0,23
G1H,2022,6904.99,66
G1H,2023,3121.96,46
G1H,2024,4286.96,59
G1H,2025,4184.98,59
G1H,2026,1995.0,16
G1J,2019,1050.0,16
G1J,2020,2085.0,25
G1J,2021,1127.0,22
G1J,2022,3795.0,30
G1J,2023,2150.0,28
G1J,2024,2785.0,32
G1J,2025,3070.0,38
G1J,2026,1945.0,17
G1K,2019,1260.0,18
G1K,2020,3680.0,33
G1K,2021,1465.0,23
G1K,2022,5302.0,41
G1K,2023,3065.0,40
G1K,2024,2990.0,37
G1K,2025,3530.0,45
G1K,2026,2100.0,17
G1L,2019,1785.0,28
G1L,2020,2915.0,44
G1L,2021,2470.0,36
G1L,2022,5540.0,37
G1L,2023,2120.0,29
G1L,2024,2831.52,35
G1L,2025,3169.99,43
G1L,2026,3519.0,23
G1M,2019,600.0,14
G1M,2020,1109.88,18
G1M,2021,475.0,7
G1M,2022,4660.0,42
G1M,2023,1935.0,28
G1M,2024,1655.0,25
G1M,2025,1829.98,25
G1M,2026,1213.32,18
G1N,2020,370.0,9
G1N,2021,340.0,6
G1N,2022,1065.0,10
G1N,2023,515.0,9
G1N,2024,685.0,11
G1N,2025,1025.0,14
G1N,2026,685.0,8
G1P,2019,145.0,3
G1P,2020,705.0,11
G1P,2021,500.0,9
G1P,2022,2320.0,19
G1P,2023,715.0,11
G1P,2024,965.0,16
G1P,2025,877.0,13
G1P,2026,740.0,9
G1R,2019,2910.0,41
G1R,2020,10005.0,118
G1R,2021,6162.0,82
G1R,2022,17450.0,134
G1R,2023,10124.0,127
G1R,2024,11245.0,128
G1R,2025,9890.0,118
G1R,2026,6360.0,44
G1S,2019,9645.0,119
G1S,2020,13447.0,171
G1S,2021,10890.0,142
G1S,2022,31643.0,250
G1S,2023,19180.0,224
G1S,2024,19366.25,236
G1S,2025,18980.0,225
G1S,2026,14228.0,110
G1T,2019,2230.0,22
G1T,2020,3545.0,34
G1T,2021,1615.0,20
G1T,2022,5410.0,38
G1T,2023,5010.0,41
G1T,2024,3910.0,43
G1T,2025,3260.0,38
G1T,2026,2850.0,19
G1V,2019,4705.0,53
G1V,2020,3820.0,52
G1V,2021,3180.0,48
G1V,2022,11420.0,101
G1V,2023,9895.0,92
G1V,2024,7555.0,90
G1V,2025,7735.0,91
G1V,2026,3805.0,37
G1W,2019,5207.0,62
G1W,2020,6747.0,68
G1W,2021,3557.0,50
G1W,2022,12122.0,96
G1W,2023,8562.0,94
G1W,2024,8217.0,102
G1W,2025,8177.0,96
G1W,2026,3956.0,39
G1X,2019,4840.0,61
G1X,2020,6625.0,90
G1X,2021,3985.0,57
G1X,2022,12255.0,102
G1X,2023,8265.0,92
G1X,2024,7920.0,103
G1X,2025,6570.0,89
G1X,2026,4185.0,38
G1Y,2019,2665.0,38
G1Y,2020,3935.0,45
G1Y,2021,2925.0,35
G1Y,2022,8465.0,71
G1Y,2023,4455.0,59
G1Y,2024,4755.0,59
G1Y,2025,4060.0,45
G1Y,2026,1720.0,16
G2A,2019,930.0,10
G2A,2020,940.0,17
G2A,2021,980.0,14
G2A,2022,2105.0,20
G2A,2023,980.0,12
G2A,2024,1585.0,19
G2A,2025,1540.0,21
G2A,2026,625.0,7
G2B,2019,670.0,11
G2B,2020,779.98,16
G2B,2021,551.64,8
G2B,2022,2945.0,30
G2B,2023,1135.0,17
G2B,2024,2110.0,32
G2B,2025,2125.0,29
G2B,2026,1690.0,14
G2C,2019,510.0,7
G2C,2020,615.0,9
G2C,2021,125.0,2
G2C,2022,1495.0,18
G2C,2023,815.0,12
G2C,2024,980.0,16
G2C,2025,990.0,13
G2C,2026,780.0,7
G2E,2019,710.0,15
G2E,2020,1160.0,18
G2E,2021,1450.0,21
G2E,2022,3060.0,27
G2E,2023,1695.0,21
G2E,2024,2540.0,31
G2E,2025,1991.66,25
G2E,2026,1558.32,13
G2G,2019,840.0,10
G2G,2020,1640.0,16
G2G,2021,1130.0,13
G2G,2022,2075.0,14
G2G,2023,1230.0,14
G2G,2024,1605.0,18
G2G,2025,1350.0,15
G2G,2026,820.0,8
G2J,2019,50.0,1
G2J,2020,95.0,3
G2J,2021,190.0,4
G2J,2022,205.0,4
G2J,2023,200.0,3
G2J,2024,390.0,7
G2J,2025,300.0,5
G2J,2026,200.0,1
G2K,2019,475.0,10
G2K,2020,460.0,10
G2K,2021,550.0,7
G2K,2022,3645.0,33
G2K,2023,1645.0,24
G2K,2024,2685.0,38
G2K,2025,2544.0,36
G2K,2026,1795.0,15
G2L,2019,686.0,12
G2L,2020,621.0,15
G2L,2021,1006.0,16
G2L,2022,3636.0,39
G2L,2023,1506.0,22
G2L,2024,1896.0,27
G2L,2025,2201.0,31
G2L,2026,1107.0,11
G2M,2019,250.0,3
G2M,2020,430.0,8
G2M,2021,150.0,3
G2M,2022,480.0,6
G2M,2023,670.0,9
G2M,2024,455.0,7
G2M,2025,700.0,8
G2N,2019,205.0,4
G2N,2020,345.0,5
G2N,2021,245.0,4
G2N,2022,990.0,8
G2N,2023,440.0,7
G2N,2024,810.0,11
G2N,2025,740.0,12
G2N,2026,550.0,4
G3A,2019,1915.0,28
G3A,2020,3120.0,35
G3A,2021,1675.0,20
G3A,2022,6670.0,56
G3A,2023,3807.0,48
G3A,2024,4470.0,52
G3A,2025,3975.0,48
G3A,2026,1920.0,17
G3B,2019,720.0,10
G3B,2020,1055.0,15
G3B,2021,780.0,10
G3B,2022,3030.0,26
G3B,2023,1095.0,14
G3B,2024,1550.0,19
G3B,2025,1600.0,19
G3B,2026,1350.0,9
G3C,2019,475.0,7
G3C,2020,275.0,8
G3C,2021,180.0,2
G3C,2022,1225.0,13
G3C,2023,700.0,8
G3C,2024,805.0,11
G3C,2025,1326.65,16
G3C,2026,224.99,2
G3E,2019,210.0,3
G3E,2020,662.89,14
G3E,2021,440.0,7
G3E,2022,1565.0,13
G3E,2023,770.0,11
G3E,2024,840.0,11
G3E,2025,1025.0,14
G3E,2026,605.0,6
G3G,2019,25.0,1
G3G,2021,202.0,3
G3G,2022,840.0,8
G3G,2023,575.0,7
G3G,2024,700.0,9
G3G,2025,550.0,7
G3G,2026,200.0,1
G3H,2019,50.0,1
G3H,2020,235.0,4
G3H,2021,70.0,3
G3H,2022,525.0,5
G3H,2023,25.0,1
G3H,2024,100.0,1
G3H,2025,225.0,3
G3H,2026,25.0,1
G3J,2019,50.0,2
G3J,2022,145.0,4
G3J,2023,265.0,6
G3J,2024,170.0,4
G3J,2025,175.0,4
G3J,2026,75.0,2
G3K,2020,285.0,4
G3K,2021,275.0,5
G3K,2022,1370.0,12
G3K,2023,595.0,8
G3K,2024,960.0,12
G3K,2025,1215.0,16
G3K,2026,1105.0,9
G3L,2019,335.0,6
G3L,2020,445.0,8
G3L,2021,430.0,8
G3L,2022,1575.0,15
G3L,2023,701.0,10
G3L,2024,970.0,13
G3L,2025,675.0,8
G3L,2026,375.0,4
G3M,2019,510.0,6
G3M,2020,310.0,4
G3M,2021,575.0,8
G3M,2022,1120.0,13
G3M,2023,627.0,12
G3M,2024,620.0,12
G3M,2025,395.0,7
G3M,2026,255.0,5
G3N,2019,300.0,3
G3N,2020,450.0,5
G3N,2021,225.0,3
G3N,2022,835.0,9
G3N,2023,520.0,6
G3N,2024,775.0,10
G3N,2025,725.0,8
G3N,2026,200.0,2
G3S,2022,100.0,1
G3Z,2019,460.0,8
G3Z,2020,570.0,11
G3Z,2021,625.0,10
G3Z,2022,2990.0,25
G3Z,2023,1491.0,24
G3Z,2024,1375.0,20
G3Z,2025,1647.0,23
G3Z,2026,320.0,5
G4A,2019,160.0,3
G4A,2020,45.0,2
G4A,2021,150.0,2
G4A,2022,425.0,4
G4A,2023,165.0,4
G4A,2024,150.0,3
G4A,2025,147.0,2
G4R,2019,4095.0,71
G4R,2020,3535.0,58
G4R,2021,2995.0,41
G4R,2022,3525.0,32
G4R,2023,1090.0,15
G4R,2024,1638.31,23
G4R,2025,1649.96,19
G4R,2026,858.3199999999999,10
G4S,2019,735.0,15
G4S,2020,665.0,12
G4S,2021,415.0,8
G4S,2022,450.0,4
G4S,2023,120.0,2
G4S,2024,200.0,2
G4S,2025,150.0,2
G4S,2026,50.0,1
G4T,2019,2655.0,47
G4T,2020,2950.0,42
G4T,2021,3095.0,39
G4T,2022,5870.0,60
G4T,2023,2860.0,41
G4T,2024,3135.0,43
G4T,2025,2590.0,28
G4T,2026,1485.0,12
G4V,2019,150.0,2
G4V,2020,75.0,2
G4V,2021,80.0,2
G4V,2022,900.0,7
G4V,2023,240.0,4
G4V,2024,705.0,9
G4V,2025,375.0,4
G4V,2026,125.0,2
G4W,2019,2590.0,35
G4W,2020,4225.0,60
G4W,2021,4460.0,59
G4W,2022,8397.0,85
G4W,2023,5070.0,70
G4W,2024,5470.0,79
G4W,2025,3755.0,56
G4W,2026,2345.0,22
G4X,2019,1865.0,27
G4X,2020,2375.0,26
G4X,2021,1340.0,21
G4X,2022,7021.66,65
G4X,2023,3012.18,43
G4X,2024,3451.66,50
G4X,2025,4810.0,63
G4X,2026,1440.0,15
G4Z,2019,1725.0,25
G4Z,2020,1330.0,19
G4Z,2021,1140.0,14
G4Z,2022,2575.0,19
G4Z,2023,1200.0,15
G4Z,2024,1145.0,15
G4Z,2025,945.0,13
G4Z,2026,515.0,4
G5A,2019,955.0,17
G5A,2020,1005.0,20
G5A,2021,675.0,9
G5A,2022,3080.0,30
G5A,2023,1710.0,30
G5A,2024,1480.0,32
G5A,2025,2075.0,30
G5A,2026,1025.0,15
G5B,2019,735.0,12
G5B,2020,540.0,10
G5B,2021,435.0,6
G5B,2022,1000.0,10
G5B,2023,655.0,9
G5B,2024,745.0,10
G5B,2025,520.0,7
G5B,2026,500.0,5
G5C,2019,2167.0,31
G5C,2020,1672.0,28
G5C,2021,1176.0,18
G5C,2022,2900.0,25
G5C,2023,1280.0,18
G5C,2024,1605.0,20
G5C,2025,1355.0,19
G5C,2026,665.0,8
G5H,2019,1050.0,17
G5H,2020,1100.0,16
G5H,2021,860.0,12
G5H,2022,2215.0,19
G5H,2023,1440.0,20
G5H,2024,1180.0,15
G5H,2025,1180.0,17
G5H,2026,660.0,6
G5J,2019,445.0,7
G5J,2020,1050.0,12
G5J,2021,995.0,15
G5J,2022,2655.0,21
G5J,2023,1850.0,24
G5J,2024,1875.0,26
G5J,2025,1345.0,19
G5J,2026,1080.0,11
G5L,2019,5625.0,85
G5L,2020,5620.0,92
G5L,2021,3520.0,47
G5L,2022,12502.0,116
G5L,2023,6765.0,93
G5L,2024,9010.0,126
G5L,2025,8335.0,118
G5L,2026,5045.0,54
G5M,2019,1325.06,23
G5M,2020,820.0,14
G5M,2021,890.0,15
G5M,2022,2715.09,28
G5M,2023,1760.0,28
G5M,2024,1755.0,30
G5M,2025,2180.0,31
G5M,2026,1100.0,13
G5N,2019,670.0,11
G5N,2020,1105.0,17
G5N,2021,560.0,8
G5N,2022,2770.0,25
G5N,2023,680.0,12
G5N,2024,1620.0,23
G5N,2025,1055.0,17
G5N,2026,620.0,6
G5R,2019,1150.0,22
G5R,2020,1385.0,26
G5R,2021,1230.0,15
G5R,2022,3400.0,31
G5R,2023,1570.0,28
G5R,2024,3180.0,52
G5R,2025,2340.0,29
G5R,2026,1185.0,12
G5T,2019,250.0,3
G5T,2020,500.0,1
G5T,2021,150.0,3
G5T,2022,580.0,4
G5T,2023,275.0,4
G5T,2024,390.0,5
G5T,2025,535.0,6
G5T,2026,140.0,2
G5V,2019,1085.0,18
G5V,2020,1235.0,19
G5V,2021,1120.0,14
G5V,2022,3400.0,30
G5V,2023,1585.0,23
G5V,2024,1315.0,16
G5V,2025,1430.0,19
G5V,2026,650.0,5
G5X,2019,100.0,1
G5X,2020,50.0,1
G5X,2021,100.0,1
G5X,2022,460.0,4
G5X,2023,230.0,4
G5X,2024,145.0,4
G5X,2025,145.0,3
G5X,2026,75.0,3
G5Y,2019,790.0,11
G5Y,2020,630.0,11
G5Y,2021,1075.0,15
G5Y,2022,2335.0,20
G5Y,2023,1330.0,18
G5Y,2024,1430.0,22
G5Y,2025,1300.0,20
G5Y,2026,1030.0,8
G5Z,2019,100.0,1
G5Z,2020,150.0,2
G5Z,2021,100.0,1
G5Z,2022,300.0,2
G5Z,2023,200.0,2
G5Z,2024,125.0,2
G5Z,2025,100.0,1
G5Z,2026,120.0,2
G6B,2019,1290.0,18
G6B,2020,2625.0,40
G6B,2021,1305.0,19
G6B,2022,3055.0,25
G6B,2023,1550.0,21
G6B,2024,1200.0,14
G6B,2025,1110.0,14
G6B,2026,520.0,4
G6C,2019,100.0,1
G6C,2022,295.0,4
G6C,2023,180.0,4
G6C,2024,100.0,1
G6C,2025,176.99,3
G6C,2026,333.32,2
G6E,2019,100.0,1
G6E,2020,5.0,1
G6E,2022,520.0,4
G6E,2023,100.0,1
G6E,2024,100.0,1
G6E,2025,200.0,2
G6E,2026,410.0,3
G6G,2019,415.0,7
G6G,2020,645.0,9
G6G,2021,480.0,6
G6G,2022,1655.0,23
G6G,2023,955.0,14
G6G,2024,1125.0,17
G6G,2025,670.0,15
G6G,2026,570.0,6
G6H,2019,250.0,9
G6H,2020,60.0,3
G6H,2021,210.0,5
G6H,2022,515.0,10
G6H,2023,425.0,9
G6H,2024,765.0,12
G6H,2025,545.0,10
G6H,2026,680.0,8
G6J,2019,760.0,11
G6J,2020,1380.0,12
G6J,2021,590.0,7
G6J,2022,1250.0,10
G6J,2023,560.0,7
G6J,2024,1405.0,16
G6J,2025,1210.0,14
G6J,2026,1325.0,9
G6K,2019,820.0,13
G6K,2020,1860.0,15
G6K,2021,850.0,10
G6K,2022,1720.0,17
G6K,2023,880.0,10
G6K,2024,1635.0,19
G6K,2025,1310.0,18
G6K,2026,1000.0,9
G6L,2019,425.0,9
G6L,2020,165.0,5
G6L,2021,280.0,6
G6L,2022,1627.0,19
G6L,2023,540.0,11
G6L,2024,830.0,16
G6L,2025,1350.0,18
G6L,2026,865.0,11
G6P,2019,930.0,17
G6P,2020,1582.0,28
G6P,2021,1435.0,21
G6P,2022,5075.0,51
G6P,2023,2085.0,29
G6P,2024,2830.0,41
G6P,2025,4375.0,42
G6P,2026,1650.0,13
G6R,2020,60.0,2
G6R,2021,120.0,2
G6R,2022,200.0,3
G6R,2023,200.0,3
G6R,2024,270.0,4
G6R,2025,500.0,5
G6R,2026,170.0,3
G6S,2019,190.0,3
G6S,2020,240.0,5
G6S,2021,180.0,3
G6S,2022,700.0,6
G6S,2023,300.0,3
G6S,2024,265.0,4
G6S,2025,425.0,4
G6T,2019,50.0,1
G6T,2020,295.0,5
G6T,2021,450.0,7
G6T,2022,1125.0,9
G6T,2023,825.0,9
G6T,2024,1225.0,14
G6T,2025,1305.0,15
G6T,2026,425.0,4
G6V,2019,2095.0,40
G6V,2020,4000.0,54
G6V,2021,2145.0,30
G6V,2022,10500.0,108
G6V,2023,5005.0,73
G6V,2024,7405.0,95
G6V,2025,5715.0,75
G6V,2026,2990.0,28
G6W,2019,890.0,18
G6W,2020,1613.0,21
G6W,2021,1225.0,18
G6W,2022,5295.0,45
G6W,2023,2610.0,29
G6W,2024,4341.66,52
G6W,2025,3491.64,48
G6W,2026,1670.0,14
G6X,2019,1105.0,15
G6X,2020,1065.0,17
G6X,2021,655.0,10
G6X,2022,1815.0,15
G6X,2023,1100.0,11
G6X,2024,1725.0,20
G6X,2025,1500.0,18
G6X,2026,800.0,7
G6Y,2019,120.0,2
G6Y,2020,290.0,6
G6Y,2021,280.0,5
G6Y,2022,840.0,8
G6Y,2023,675.0,10
G6Y,2024,785.0,12
G6Y,2025,475.0,7
G6Y,2026,400.0,2
G6Z,2019,2040.0,36
G6Z,2020,2465.0,38
G6Z,2021,1810.0,24
G6Z,2022,4420.0,40
G6Z,2023,1445.0,18
G6Z,2024,2855.0,35
G6Z,2025,3070.0,37
G6Z,2026,2535.0,21
G7A,2019,2890.0,42
G7A,2020,4540.0,45
G7A,2021,1260.0,17
G7A,2022,3560.0,30
G7A,2023,1950.0,24
G7A,2024,4470.0,54
G7A,2025,4750.0,57
G7A,2026,3880.0,32
G7B,2019,1045.0,26
G7B,2020,2360.0,34
G7B,2021,1230.0,21
G7B,2022,3217.0,41
G7B,2023,1255.0,17
G7B,2024,1480.0,21
G7B,2025,1415.0,25
G7B,2026,555.0,9
G7G,2019,810.0,16
G7G,2020,3545.0,32
G7G,2021,685.0,10
G7G,2022,4067.0,37
G7G,2023,1745.0,24
G7G,2024,2100.0,26
G7G,2025,3130.0,36
G7G,2026,1000.0,8
G7H,2019,2880.0,47
G7H,2020,9902.0,77
G7H,2021,2550.0,41
G7H,2022,12673.3,113
G7H,2023,4825.0,63
G7H,2024,5650.0,74
G7H,2025,7345.0,75
G7H,2026,4000.0,36
G7J,2019,1720.0,14
G7J,2020,2305.0,25
G7J,2021,660.0,8
G7J,2022,2770.0,28
G7J,2023,880.0,13
G7J,2024,883.3,12
G7J,2025,1414.96,16
G7J,2026,1703.32,11
G7K,2019,25.0,1
G7K,2022,600.0,4
G7K,2024,225.0,3
G7K,2025,100.0,1
G7N,2019,935.0,8
G7N,2020,1660.0,19
G7N,2021,310.0,6
G7N,2022,2560.0,23
G7N,2023,625.0,9
G7N,2024,1010.0,12
G7N,2025,825.0,10
G7N,2026,400.0,3
G7P,2019,370.0,6
G7P,2020,955.0,17
G7P,2021,295.0,4
G7P,2022,650.0,6
G7P,2023,405.0,6
G7P,2024,600.0,11
G7P,2025,720.0,9
G7P,2026,295.0,5
G7S,2019,5465.0,89
G7S,2020,9200.0,133
G7S,2021,2075.0,28
G7S,2022,5930.0,72
G7S,2023,2730.0,39
G7S,2024,3370.0,45
G7S,2025,2970.0,46
G7S,2026,990.0,14
G7T,2019,100.0,3
G7T,2020,150.0,4
G7T,2022,285.0,7
G7T,2023,145.0,4
G7T,2024,110.0,3
G7T,2025,175.0,5
G7X,2019,4175.0,88
G7X,2020,9605.0,154
G7X,2021,1845.0,31
G7X,2022,6065.0,61
G7X,2023,1880.0,29
G7X,2024,2150.0,33
G7X,2025,1490.0,23
G7X,2026,1305.0,17
G7Y,2019,70.0,3
G7Y,2020,100.0,1
G7Y,2022,20.0,1
G7Y,2023,20.0,1
G7Y,2024,266.64,3
G7Y,2025,466.64,6
G7Y,2026,200.0,1
G7Z,2019,350.0,4
G7Z,2020,300.0,6
G7Z,2021,100.0,1
G7Z,2022,490.0,5
G7Z,2023,210.0,4
G7Z,2024,100.0,1
G7Z,2025,175.0,3
G7Z,2026,200.0,1
G8A,2019,1545.0,33
G8A,2020,2810.0,44
G8A,2021,225.0,5
G8A,2022,1570.0,19
G8A,2023,415.0,7
G8A,2024,1195.0,17
G8A,2025,808.3199999999999,14
G8A,2026,308.32,6
G8B,2019,765.0,17
G8B,2020,2890.0,39
G8B,2021,1585.0,24
G8B,2022,8570.0,72
G8B,2023,2590.0,40
G8B,2024,2788.0,47
G8B,2025,3315.0,48
G8B,2026,895.0,16
G8C,2019,345.0,5
G8C,2020,420.0,7
G8C,2021,325.0,6
G8C,2022,1210.0,16
G8C,2023,460.0,11
G8C,2024,440.0,9
G8C,2025,450.0,11
G8C,2026,215.0,5
G8E,2019,100.0,1
G8E,2022,225.0,2
G8E,2024,300.0,5
G8E,2025,325.0,6
G8G,2019,10.0,1
G8G,2020,655.0,5
G8G,2021,110.0,3
G8G,2022,320.0,5
G8G,2023,65.0,2
G8G,2024,190.0,5
G8G,2025,150.0,5
G8G,2026,50.0,1
G8H,2019,565.0,7
G8H,2020,515.0,6
G8H,2021,435.0,8
G8H,2022,1085.0,12
G8H,2023,835.0,15
G8H,2024,990.0,15
G8H,2025,740.0,10
G8H,2026,425.0,4
G8J,2019,250.0,3
G8J,2020,515.0,6
G8J,2021,225.0,4
G8J,2022,590.0,8
G8J,2023,505.0,8
G8J,2024,1180.0,18
G8J,2025,930.0,14
G8J,2026,525.0,4
G8K,2019,495.0,9
G8K,2020,1020.0,16
G8K,2021,905.0,13
G8K,2022,4625.0,45
G8K,2023,1785.0,23
G8K,2024,1985.0,24
G8K,2025,1440.0,18
G8K,2026,1150.0,10
G8L,2019,984.96,18
G8L,2020,1209.98,20
G8L,2021,1368.32,21
G8L,2022,5954.96,54
G8L,2023,2096.64,34
G8L,2024,2415.0,36
G8L,2025,2040.0,30
G8L,2026,1000.0,8
G8M,2019,105.0,2
G8M,2020,155.0,4
G8M,2022,515.0,6
G8M,2023,225.0,3
G8M,2024,200.0,3
G8M,2025,275.0,3
G8M,2026,100.0,1
G8N,2019,70.0,2
G8N,2021,80.0,1
G8N,2022,400.0,3
G8N,2023,125.0,3
G8N,2024,130.0,2
G8N,2025,140.0,2
G8P,2019,520.0,9
G8P,2020,735.0,9
G8P,2021,245.0,4
G8P,2022,700.0,8
G8P,2023,612.0,10
G8P,2024,565.0,10
G8P,2025,625.0,8
G8P,2026,300.0,2
G8T,2019,2130.0,31
G8T,2020,2765.0,33
G8T,2021,1751.0,23
G8T,2022,5873.0,42
G8T,2023,2259.0,26
G8T,2024,2170.0,29
G8T,2025,2408.0,30
G8T,2026,1420.0,15
G8V,2019,595.0,8
G8V,2020,680.0,11
G8V,2021,705.0,9
G8V,2022,1600.0,13
G8V,2023,1080.0,13
G8V,2024,1025.0,12
G8V,2025,860.0,12
G8V,2026,630.0,5
G8W,2019,880.0,16
G8W,2020,855.0,13
G8W,2021,645.0,9
G8W,2022,2667.0,26
G8W,2023,1380.0,18
G8W,2024,1890.0,22
G8W,2025,1295.0,16
G8W,2026,480.0,5
G8Y,2019,3771.0,57
G8Y,2020,3652.0,59
G8Y,2021,3694.0,60
G8Y,2022,9226.0,79
G8Y,2023,4674.64,62
G8Y,2024,5349.96,74
G8Y,2025,5594.96,72
G8Y,2026,3779.32,32
G8Z,2019,2390.0,37
G8Z,2020,3415.0,46
G8Z,2021,2065.0,30
G8Z,2022,5255.0,43
G8Z,2023,2875.0,38
G8Z,2024,3490.0,49
G8Z,2025,2975.0,38
G8Z,2026,1125.0,10
G9A,2019,1630.0,29
G9A,2020,2685.0,34
G9A,2021,1130.0,18
G9A,2022,2900.0,26
G9A,2023,1870.0,26
G9A,2024,2535.0,39
G9A,2025,2455.0,33
G9A,2026,1650.0,15
G9B,2019,1560.0,23
G9B,2020,1905.0,24
G9B,2021,855.0,13
G9B,2022,4875.0,42
G9B,2023,1420.0,20
G9B,2024,2600.0,32
G9B,2025,2235.0,26
G9B,2026,660.0,9
G9C,2019,225.0,3
G9C,2020,420.0,4
G9C,2021,350.0,5
G9C,2022,435.0,7
G9C,2023,270.0,5
G9C,2024,235.0,6
G9C,2025,275.0,6
G9C,2026,260.0,3
G9H,2019,915.0,17
G9H,2020,1780.0,24
G9H,2021,1430.0,19
G9H,2022,3410.0,30
G9H,2023,2360.0,25
G9H,2024,1445.0,19
G9H,2025,1620.0,22
G9H,2026,1350.0,12
G9N,2019,1760.0,27
G9N,2020,2414.0,31
G9N,2021,1980.5,28
G9N,2022,4650.5,40
G9N,2023,2410.0,33
G9N,2024,3585.0,52
G9N,2025,3170.0,43
G9N,2026,2235.0,19
G9P,2019,1110.0,21
G9P,2020,545.0,10
G9P,2021,1025.0,12
G9P,2022,1930.0,17
G9P,2023,1040.0,16
G9P,2024,1495.0,22
G9P,2025,1149.0,16
G9P,2026,815.0,9
G9R,2020,200.0,1
G9R,2021,50.0,1
G9R,2022,350.0,4
G9R,2023,300.0,3
G9R,2024,50.0,1
G9R,2025,65.0,3
G9R,2026,100.0,1
G9T,2019,865.0,15
G9T,2020,2140.0,27
G9T,2021,1440.0,23
G9T,2022,2720.0,25
G9T,2023,1255.0,21
G9T,2024,1873.0,29
G9T,2025,1465.0,21
G9T,2026,845.0,10
G9X,2019,700.0,10
G9X,2020,520.0,9
G9X,2021,525.0,7
G9X,2022,1405.0,13
G9X,2023,750.0,11
G9X,2024,840.0,13
G9X,2025,250.0,5
G9X,2026,440.0,6
H1A,2019,2200.0,38
H1A,2020,2155.0,49
H1A,2021,1540.0,27
H1A,2022,6125.0,64
H1A,2023,3740.0,55
H1A,2024,4192.0,67
H1A,2025,4501.0,65
H1A,2026,2285.0,23
H1B,2019,1805.0,25
H1B,2020,2585.0,36
H1B,2021,1615.0,18
H1B,2022,4763.3,41
H1B,2023,2614.96,35
H1B,2024,3409.93,49
H1B,2025,3489.92,44
H1B,2026,3303.31,24
H1C,2019,325.0,6
H1C,2020,310.0,6
H1C,2021,180.0,4
H1C,2022,1400.0,14
H1C,2023,575.0,7
H1C,2024,575.0,8
H1C,2025,460.0,5
H1C,2026,250.0,2
H1E,2019,1100.0,18
H1E,2020,1605.0,22
H1E,2021,1190.0,13
H1E,2022,2960.0,21
H1E,2023,1790.0,22
H1E,2024,1745.0,22
H1E,2025,1350.0,15
H1E,2026,1315.0,10
H1G,2019,1350.0,26
H1G,2020,1885.0,38
H1G,2021,1465.0,28
H1G,2022,3295.0,40
H1G,2023,1800.0,32
H1G,2024,1460.0,26
H1G,2025,1725.0,25
H1G,2026,550.0,8
H1H,2019,955.0,15
H1H,2020,2910.0,35
H1H,2021,1380.0,21
H1H,2022,5085.0,44
H1H,2023,2819.98,43
H1H,2024,2944.96,35
H1H,2025,3034.96,40
H1H,2026,983.32,9
H1J,2019,825.0,12
H1J,2020,1000.0,7
H1J,2021,605.0,8
H1J,2022,1290.0,11
H1J,2023,560.0,8
H1J,2024,1115.0,13
H1J,2025,655.0,10
H1J,2026,375.0,3
H1K,2019,1620.0,34
H1K,2020,2523.65,38
H1K,2021,1980.0,31
H1K,2022,7065.0,65
H1K,2023,4020.0,50
H1K,2024,4678.97,63
H1K,2025,4951.92,64
H1K,2026,2291.64,27
H1L,2019,1901.01,33
H1L,2020,3293.12,56
H1L,2021,2690.0,37
H1L,2022,9285.0,84
H1L,2023,6415.0,83
H1L,2024,7715.0,103
H1L,2025,6970.0,94
H1L,2026,5025.0,36
H1M,2019,2010.0,32
H1M,2020,3075.0,37
H1M,2021,2520.0,29
H1M,2022,9980.0,81
H1M,2023,4410.0,57
H1M,2024,5885.0,76
H1M,2025,5210.0,69
H1M,2026,5020.0,39
H1N,2019,1752.0,27
H1N,2020,3780.0,48
H1N,2021,2604.0,32
H1N,2022,7822.0,59
H1N,2023,4610.0,57
H1N,2024,6155.0,74
H1N,2025,5560.0,73
H1N,2026,3605.0,28
H1P,2019,100.0,1
H1P,2020,167.5,4
H1P,2021,100.0,1
H1P,2022,695.0,5
H1P,2023,600.0,6
H1P,2024,550.0,7
H1P,2025,680.0,9
H1P,2026,900.0,5
H1R,2019,980.0,11
H1R,2020,670.0,9
H1R,2021,500.0,5
H1R,2022,1735.0,13
H1R,2023,460.0,6
H1R,2024,680.0,9
H1R,2025,500.0,5
H1R,2026,300.0,2
H1S,2019,700.0,10
H1S,2020,645.0,8
H1S,2021,450.0,5
H1S,2022,1120.0,12
H1S,2023,440.0,7
H1S,2024,1350.0,17
H1S,2025,550.0,8
H1S,2026,170.0,4
H1T,2019,3585.0,50
H1T,2020,5715.0,65
H1T,2021,3580.0,46
H1T,2022,11230.0,84
H1T,2023,4045.0,50
H1T,2024,5290.0,65
H1T,2025,6240.0,77
H1T,2026,1563.33,15
H1V,2019,1345.0,22
H1V,2020,3035.0,43
H1V,2021,1300.0,18
H1V,2022,6650.0,57
H1V,2023,3485.0,50
H1V,2024,3920.0,48
H1V,2025,3990.0,55
H1V,2026,2100.0,21
H1W,2019,1380.0,22
H1W,2020,2965.0,35
H1W,2021,1570.0,23
H1W,2022,6010.0,51
H1W,2023,3670.0,48
H1W,2024,4071.0,51
H1W,2025,4362.0,56
H1W,2026,3235.0,26
H1X,2019,2359.0,35
H1X,2020,5595.0,61
H1X,2021,2310.0,29
H1X,2022,8300.0,77
H1X,2023,3747.0,50
H1X,2024,3730.0,44
H1X,2025,3445.0,45
H1X,2026,1800.0,16
H1Y,2019,3859.96,55
H1Y,2020,7479.96,88
H1Y,2021,3177.96,43
H1Y,2022,10709.96,92
H1Y,2023,5189.96,72
H1Y,2024,6220.96,78
H1Y,2025,5854.96,70
H1Y,2026,3969.99,33
H1Z,2019,425.0,6
H1Z,2020,615.0,8
H1Z,2021,630.0,8
H1Z,2022,1050.0,7
H1Z,2023,675.0,7
H1Z,2024,820.0,9
H1Z,2025,550.0,6
H1Z,2026,300.0,3
H2A,2019,660.0,8
H2A,2020,595.0,13
H2A,2021,610.0,7
H2A,2022,2675.0,19
H2A,2023,1180.0,15
H2A,2024,1140.0,13
H2A,2025,720.0,8
H2A,2026,100.0,1
H2B,2019,775.0,13
H2B,2020,5335.0,37
H2B,2021,1820.0,23
H2B,2022,4380.0,38
H2B,2023,2390.0,34
H2B,2024,2255.0,29
H2B,2025,2537.0,34
H2B,2026,650.0,7
H2C,2019,2080.0,32
H2C,2020,5015.0,61
H2C,2021,2470.0,35
H2C,2022,9265.0,77
H2C,2023,4435.0,59
H2C,2024,5640.0,68
H2C,2025,4945.0,65
H2C,2026,2430.0,23
H2E,2019,600.0,8
H2E,2020,1350.0,21
H2E,2021,1075.0,16
H2E,2022,3700.0,37
H2E,2023,1580.0,20
H2E,2024,1800.0,24
H2E,2025,1710.0,22
H2E,2026,875.0,6
H2G,2019,1245.0,22
H2G,2020,3960.0,42
H2G,2021,1065.0,13
H2G,2022,4361.0,39
H2G,2023,2520.0,33
H2G,2024,2860.0,34
H2G,2025,3165.0,40
H2G,2026,2000.0,12
H2H,2019,1310.0,23
H2H,2020,2565.0,30
H2H,2021,1550.0,19
H2H,2022,4425.0,34
H2H,2023,2555.0,32
H2H,2024,2355.0,30
H2H,2025,2790.0,33
H2H,2026,1325.0,10
H2J,2019,2870.0,42
H2J,2020,6573.0,64
H2J,2021,3265.0,40
H2J,2022,11550.0,88
H2J,2023,6055.0,73
H2J,2024,7015.26,88
H2J,2025,6100.0,76
H2J,2026,2245.0,17
H2K,2019,1470.0,22
H2K,2020,3035.0,39
H2K,2021,2225.0,32
H2K,2022,7729.98,64
H2K,2023,3089.94,43
H2K,2024,3852.0,56
H2K,2025,3555.0,52
H2K,2026,1435.0,11
H2L,2019,3715.0,53
H2L,2020,5005.0,60
H2L,2021,2735.0,35
H2L,2022,13065.0,97
H2L,2023,6220.0,72
H2L,2024,7705.0,91
H2L,2025,6475.0,83
H2L,2026,3250.0,26
H2M,2019,1910.0,26
H2M,2020,5165.0,53
H2M,2021,2485.0,33
H2M,2022,9380.0,76
H2M,2023,5922.0,75
H2M,2024,5810.0,71
H2M,2025,5010.0,59
H2M,2026,3000.0,23
H2N,2019,100.0,1
H2N,2020,150.0,2
H2N,2021,200.0,2
H2N,2022,750.0,6
H2N,2023,325.0,4
H2N,2024,350.0,4
H2N,2025,290.0,5
H2N,2026,150.0,2
H2P,2019,670.0,10
H2P,2020,4095.0,25
H2P,2021,725.0,9
H2P,2022,2605.0,20
H2P,2023,970.0,13
H2P,2024,995.0,14
H2P,2025,1225.0,16
H2P,2026,520.0,5
H2R,2019,800.0,12
H2R,2020,3775.0,33
H2R,2021,1785.0,21
H2R,2022,7560.0,54
H2R,2023,2915.0,34
H2R,2024,3125.0,34
H2R,2025,2430.0,29
H2R,2026,1270.0,9
H2S,2019,1550.0,24
H2S,2020,4515.0,41
H2S,2021,2039.99,25
H2S,2022,6470.0,49
H2S,2023,2650.0,33
H2S,2024,2725.0,34
H2S,2025,3130.0,38
H2S,2026,2010.0,15
H2T,2019,1440.0,23
H2T,2020,2315.0,27
H2T,2021,1260.0,19
H2T,2022,5405.4,43
H2T,2023,1970.0,26
H2T,2024,3810.0,47
H2T,2025,2725.0,33
H2T,2026,1145.0,10
H2V,2019,2610.0,33
H2V,2020,7288.0,66
H2V,2021,2930.0,37
H2V,2022,12450.0,93
H2V,2023,6145.0,72
H2V,2024,6615.0,78
H2V,2025,5280.0,67
H2V,2026,2775.0,29
H2W,2019,490.0,9
H2W,2020,730.0,9
H2W,2021,480.0,7
H2W,2022,1795.0,14
H2W,2023,760.0,10
H2W,2024,1145.0,15
H2W,2025,675.0,8
H2W,2026,400.0,3
H2X,2019,800.0,13
H2X,2020,5550.0,37
H2X,2021,1805.0,20
H2X,2022,6330.0,45
H2X,2023,2771.0,37
H2X,2024,3040.0,38
H2X,2025,3479.97,40
H2X,2026,1848.32,13
H2Y,2019,575.0,6
H2Y,2020,1765.0,18
H2Y,2021,510.0,6
H2Y,2022,1430.0,11
H2Y,2023,935.0,11
H2Y,2024,1435.0,17
H2Y,2025,1440.0,16
H2Y,2026,1165.0,7
H2Z,2019,175.0,3
H2Z,2020,1075.0,6
H2Z,2021,350.0,4
H2Z,2022,645.0,5
H2Z,2023,150.0,2
H2Z,2024,200.0,2
H2Z,2025,125.0,2
H2Z,2026,25.0,1
H3A,2022,400.0,2
H3A,2023,100.0,1
H3A,2024,25.0,1
H3A,2025,100.0,1
H3B,2022,100.0,1
H3B,2023,100.0,1
H3B,2024,100.0,1
H3B,2025,200.0,2
H3B,2026,200.0,2
H3C,2019,625.0,8
H3C,2020,2040.0,15
H3C,2021,815.0,12
H3C,2022,3480.0,24
H3C,2023,1005.0,11
H3C,2024,1575.0,20
H3C,2025,1625.0,18
H3C,2026,1750.0,13
H3E,2019,1515.0,20
H3E,2020,2097.0,22
H3E,2021,1715.0,20
H3E,2022,8545.0,64
H3E,2023,3785.0,41
H3E,2024,4650.0,50
H3E,2025,3805.0,40
H3E,2026,1375.0,10
H3G,2019,50.0,1
H3G,2020,100.0,2
H3G,2021,250.0,3
H3G,2022,400.0,2
H3G,2023,431.0,6
H3G,2024,700.0,7
H3G,2025,500.0,5
H3G,2026,500.0,3
H3H,2019,300.0,3
H3H,2020,500.0,6
H3H,2021,325.0,5
H3H,2022,1015.0,7
H3H,2023,460.0,6
H3H,2024,837.0,10
H3H,2025,815.0,9
H3H,2026,447.0,5
H3J,2019,50.0,1
H3J,2020,340.0,5
H3J,2021,380.0,5
H3J,2022,1235.0,10
H3J,2023,600.0,5
H3J,2024,800.0,8
H3J,2025,600.0,6
H3J,2026,200.0,1
H3K,2019,250.0,3
H3K,2020,875.0,13
H3K,2021,650.0,7
H3K,2022,1910.0,14
H3K,2023,670.0,6
H3K,2024,660.0,9
H3K,2025,575.0,7
H3K,2026,620.0,6
H3L,2019,1845.0,30
H3L,2020,5750.0,52
H3L,2021,3040.0,38
H3L,2022,10930.0,84
H3L,2023,5605.0,76
H3L,2024,7450.0,91
H3L,2025,6299.0,80
H3L,2026,6133.33,50
H3M,2019,695.0,11
H3M,2020,1380.0,16
H3M,2021,880.0,12
H3M,2022,2810.0,18
H3M,2023,1785.0,21
H3M,2024,1715.0,20
H3M,2025,1515.0,19
H3M,2026,1690.0,16
H3N,2019,150.0,2
H3N,2020,340.0,8
H3N,2021,565.0,9
H3N,2022,990.0,8
H3N,2023,475.0,5
H3N,2024,400.0,4
H3N,2025,325.0,4
H3N,2026,350.0,3
H3P,2019,325.0,4
H3P,2020,1720.0,12
H3P,2021,600.0,6
H3P,2022,3065.0,20
H3P,2023,1220.0,16
H3P,2024,970.0,12
H3P,2025,740.0,9
H3P,2026,100.0,1
H3R,2019,225.0,3
H3R,2020,330.0,4
H3R,2021,315.0,4
H3R,2022,890.0,6
H3R,2023,300.0,3
H3R,2024,600.0,6
H3R,2025,200.0,2
H3S,2019,750.0,10
H3S,2020,1255.0,13
H3S,2021,630.0,7
H3S,2022,1735.0,15
H3S,2023,1435.0,19
H3S,2024,1525.0,18
H3S,2025,1370.0,15
H3S,2026,660.0,8
H3T,2019,915.0,13
H3T,2020,1920.0,15
H3T,2021,800.0,10
H3T,2022,3365.0,25
H3T,2023,1765.0,22
H3T,2024,1925.0,23
H3T,2025,1665.0,21
H3T,2026,825.0,8
H3V,2019,300.0,3
H3V,2020,1115.0,12
H3V,2021,400.0,4
H3V,2022,2100.0,13
H3V,2023,885.0,11
H3V,2024,770.0,11
H3V,2025,635.0,8
H3V,2026,650.0,6
H3W,2019,1145.0,12
H3W,2020,1360.0,16
H3W,2021,850.0,10
H3W,2022,1445.0,11
H3W,2023,530.0,7
H3W,2024,470.0,6
H3W,2025,675.0,9
H3W,2026,25.0,1
H3X,2019,165.0,3
H3X,2020,1100.0,7
H3X,2021,170.0,3
H3X,2022,925.0,9
H3X,2023,500.0,6
H3X,2024,545.0,7
H3X,2025,395.0,5
H3X,2026,25.0,1
H3Y,2020,75.0,2
H3Y,2021,300.0,3
H3Y,2022,220.0,2
H3Y,2023,20.0,1
H3Y,2024,200.0,2
H3Y,2025,100.0,1
H3Y,2026,300.0,2
H3Z,2020,50.0,1
H3Z,2021,125.0,2
H3Z,2022,225.0,2
H3Z,2023,50.0,1
H3Z,2024,185.0,4
H3Z,2025,150.0,2
H4A,2019,2510.0,28
H4A,2020,5820.0,44
H4A,2021,2240.0,25
H4A,2022,6750.0,40
H4A,2023,3210.0,35
H4A,2024,4290.0,47
H4A,2025,4000.0,42
H4A,2026,2025.0,13
H4B,2019,430.0,6
H4B,2020,930.0,9
H4B,2021,350.0,4
H4B,2022,705.0,6
H4B,2023,540.0,6
H4B,2024,360.0,4
H4B,2025,475.0,5
H4B,2026,225.0,2
H4C,2019,320.0,5
H4C,2020,1667.0,13
H4C,2021,630.0,9
H4C,2022,1475.0,12
H4C,2023,695.0,9
H4C,2024,545.0,7
H4C,2025,425.0,5
H4C,2026,500.0,3
H4E,2019,965.0,15
H4E,2020,2455.0,20
H4E,2021,1325.0,14
H4E,2022,4860.0,41
H4E,2023,3300.0,24
H4E,2024,1965.0,26
H4E,2025,1990.0,27
H4E,2026,1930.0,14
H4G,2019,1355.0,22
H4G,2020,4230.0,40
H4G,2021,1505.0,17
H4G,2022,4560.0,39
H4G,2023,2050.0,28
H4G,2024,1755.0,23
H4G,2025,2220.0,25
H4G,2026,1420.0,14
H4H,2019,580.0,9
H4H,2020,1890.0,21
H4H,2021,680.0,11
H4H,2022,2940.0,25
H4H,2023,925.0,11
H4H,2024,1215.0,16
H4H,2025,1030.0,12
H4H,2026,250.0,2
H4J,2019,510.0,8
H4J,2020,825.0,5
H4J,2021,630.0,7
H4J,2022,1730.0,13
H4J,2023,675.0,8
H4J,2024,1180.0,14
H4J,2025,1025.0,12
H4J,2026,701.0,6
H4K,2019,580.0,7
H4K,2020,1112.0,13
H4K,2021,840.0,10
H4K,2022,2295.0,17
H4K,2023,830.0,9
H4K,2024,885.0,12
H4K,2025,1030.0,11
H4K,2026,550.0,5
H4L,2019,710.0,12
H4L,2020,1390.0,22
H4L,2021,655.0,9
H4L,2022,2960.0,30
H4L,2023,1230.0,19
H4L,2024,1440.0,20
H4L,2025,755.0,11
H4L,2026,650.0,7
H4M,2019,100.0,3
H4M,2020,495.0,7
H4M,2021,125.0,2
H4M,2022,450.0,3
H4M,2023,305.0,4
H4M,2024,350.0,4
H4M,2025,300.0,3
H4N,2019,80.0,2
H4N,2020,90.0,2
H4N,2021,225.0,3
H4N,2022,655.0,5
H4N,2023,375.0,5
H4N,2024,310.0,6
H4N,2025,165.0,4
H4N,2026,100.0,1
H4P,2019,50.0,1
H4P,2020,325.0,3
H4P,2021,100.0,1
H4P,2022,355.0,3
H4P,2023,100.0,1
H4P,2024,170.0,3
H4P,2025,75.0,2
H4P,2026,20.0,1
H4R,2019,500.0,5
H4R,2020,770.0,7
H4R,2021,450.0,5
H4R,2022,1050.0,7
H4R,2023,465.0,6
H4R,2024,640.0,7
H4R,2025,700.0,7
H4R,2026,700.0,5
H4V,2020,620.0,3
H4V,2022,50.0,1
H4V,2024,150.0,2
H4V,2025,50.0,1
H4W,2020,50.0,2
H4W,2021,50.0,1
H4W,2023,75.0,1
H4W,2024,100.0,1
H4W,2025,200.0,2
H4X,2020,25.0,1
H4X,2022,65.0,2
H4X,2024,50.0,2
H4X,2025,25.0,1
H7A,2019,495.0,10
H7A,2020,700.0,14
H7A,2021,840.0,17
H7A,2022,1560.0,15
H7A,2023,990.0,21
H7A,2024,1340.0,22
H7A,2025,1280.0,19
H7A,2026,1065.0,12
H7B,2019,510.0,9
H7B,2020,725.0,15
H7B,2021,640.0,9
H7B,2022,745.0,6
H7B,2023,265.0,5
H7B,2024,355.0,8
H7B,2025,480.0,6
H7B,2026,200.0,1
H7C,2019,625.0,13
H7C,2020,545.0,11
H7C,2021,895.0,19
H7C,2022,1915.0,20
H7C,2023,1045.0,18
H7C,2024,1575.0,21
H7C,2025,1240.0,18
H7C,2026,615.0,7
H7E,2019,2170.0,29
H7E,2020,1870.0,28
H7E,2021,2135.0,29
H7E,2022,4640.0,41
H7E,2023,2540.0,36
H7E,2024,3755.0,53
H7E,2025,3115.0,39
H7E,2026,1780.0,20
H7G,2019,1510.0,25
H7G,2020,2110.0,33
H7G,2021,1410.0,22
H7G,2022,4189.0,41
H7G,2023,2135.0,26
H7G,2024,2900.0,39
H7G,2025,3205.0,41
H7G,2026,1265.0,12
H7H,2019,235.0,7
H7H,2020,300.0,5
H7H,2021,275.0,4
H7H,2022,1670.0,16
H7H,2023,830.0,15
H7H,2024,1065.0,13
H7H,2025,1320.0,15
H7H,2026,300.0,2
H7J,2019,180.0,4
H7J,2020,435.0,6
H7J,2021,200.0,2
H7J,2022,610.0,5
H7J,2023,400.0,4
H7J,2024,300.0,4
H7J,2025,320.0,4
H7J,2026,750.0,5
H7K,2019,980.0,16
H7K,2020,705.0,14
H7K,2021,480.0,7
H7K,2022,2070.0,19
H7K,2023,815.0,14
H7K,2024,1920.0,24
H7K,2025,1600.0,22
H7K,2026,870.0,6
H7L,2019,2110.0,33
H7L,2020,3465.0,74
H7L,2021,2945.0,56
H7L,2022,7460.0,80
H7L,2023,4715.0,74
H7L,2024,5495.0,79
H7L,2025,6725.0,101
H7L,2026,3120.0,28
H7M,2019,1360.0,27
H7M,2020,925.0,18
H7M,2021,1240.0,18
H7M,2022,4140.0,37
H7M,2023,1910.0,28
H7M,2024,2365.0,32
H7M,2025,2090.0,33
H7M,2026,1395.0,12
H7N,2019,1580.0,31
H7N,2020,1534.0,34
H7N,2021,1475.0,26
H7N,2022,6185.0,58
H7N,2023,2995.0,39
H7N,2024,4900.0,67
H7N,2025,4910.0,70
H7N,2026,2543.66,21
H7P,2019,2090.0,42
H7P,2020,4095.0,79
H7P,2021,3805.0,72
H7P,2022,6080.0,80
H7P,2023,4160.0,71
H7P,2024,4210.0,73
H7P,2025,4265.0,79
H7P,2026,1703.0,16
H7R,2019,705.0,14
H7R,2020,2235.0,27
H7R,2021,805.0,19
H7R,2022,3520.0,46
H7R,2023,1855.0,36
H7R,2024,1972.0,31
H7R,2025,1635.0,30
H7R,2026,1060.0,11
H7S,2019,300.0,4
H7S,2021,225.0,3
H7S,2022,520.0,5
H7S,2023,360.0,6
H7S,2024,640.0,8
H7S,2025,500.0,7
H7T,2019,600.0,7
H7T,2020,770.0,9
H7T,2021,1200.0,18
H7T,2022,2970.0,27
H7T,2023,1315.0,20
H7T,2024,1700.0,24
H7T,2025,1255.0,20
H7T,2026,790.0,8
H7V,2019,945.0,15
H7V,2020,2015.0,23
H7V,2021,930.0,14
H7V,2022,3235.0,29
H7V,2023,1665.0,25
H7V,2024,1925.0,28
H7V,2025,1535.0,21
H7V,2026,974.0,9
H7W,2019,745.0,10
H7W,2020,2890.0,20
H7W,2021,1115.0,14
H7W,2022,2690.0,22
H7W,2023,1710.0,22
H7W,2024,1825.0,23
H7W,2025,2140.0,26
H7W,2026,2025.0,15
H7X,2019,890.0,18
H7X,2020,2180.0,33
H7X,2021,2010.0,31
H7X,2022,4660.0,45
H7X,2023,2240.0,32
H7X,2024,1900.0,25
H7X,2025,2205.0,30
H7X,2026,1800.0,12
H7Y,2019,208.0,7
H7Y,2020,310.0,5
H7Y,2021,285.0,5
H7Y,2022,890.0,8
H7Y,2023,455.0,6
H7Y,2024,555.0,8
H7Y,2025,525.0,7
H7Y,2026,200.0,1
H8N,2019,480.0,10
H8N,2020,670.0,12
H8N,2021,740.0,13
H8N,2022,1090.0,15
H8N,2023,730.0,12
H8N,2024,600.0,13
H8N,2025,810.0,14
H8N,2026,425.0,5
H8P,2019,930.0,13
H8P,2020,1080.0,17
H8P,2021,880.0,12
H8P,2022,2970.0,22
H8P,2023,1935.0,20
H8P,2024,1645.0,20
H8P,2025,1325.0,15
H8P,2026,1410.0,11
H8R,2019,125.0,4
H8R,2020,660.0,7
H8R,2021,110.0,3
H8R,2022,470.0,8
H8R,2023,135.0,3
H8R,2024,280.0,5
H8R,2025,195.0,3
H8R,2026,200.0,1
H8S,2019,565.0,9
H8S,2020,980.0,18
H8S,2021,465.0,6
H8S,2022,2450.0,22
H8S,2023,892.0,14
H8S,2024,950.0,14
H8S,2025,671.0,10
H8S,2026,115.0,4
H8T,2019,355.0,5
H8T,2020,405.0,7
H8T,2021,275.0,5
H8T,2022,1130.0,10
H8T,2023,600.0,7
H8T,2024,800.0,10
H8T,2025,925.0,11
H8T,2026,200.0,2
H8Y,2019,150.0,2
H8Y,2020,500.0,6
H8Y,2021,580.0,6
H8Y,2022,1050.0,6
H8Y,2023,600.0,6
H8Y,2024,525.0,6
H8Y,2025,450.0,5
H8Y,2026,200.0,1
H8Z,2019,185.0,4
H8Z,2020,35.0,2
H8Z,2021,120.0,2
H8Z,2022,390.0,5
H8Z,2023,145.0,3
H8Z,2024,245.0,4
H8Z,2025,225.0,3
H9A,2019,100.0,1
H9A,2020,100.0,3
H9A,2021,130.0,2
H9A,2022,290.0,2
H9A,2023,100.0,1
H9A,2024,100.0,1
H9A,2025,100.0,1
H9A,2026,200.0,1
H9B,2019,200.0,2
H9B,2020,250.0,3
H9B,2021,100.0,1
H9B,2022,260.0,2
H9B,2023,100.0,1
H9B,2024,200.0,2
H9B,2025,100.0,1
H9B,2026,50.0,1
H9C,2019,150.0,2
H9C,2020,175.0,3
H9C,2021,310.0,4
H9C,2022,865.0,8
H9C,2023,865.0,11
H9C,2024,1050.0,13
H9C,2025,850.0,9
H9C,2026,790.0,6
H9E,2019,50.0,1
H9E,2020,370.0,5
H9E,2021,225.0,3
H9E,2022,1125.0,7
H9E,2023,420.0,6
H9E,2024,490.0,8
H9E,2025,475.0,7
H9E,2026,250.0,2
H9G,2019,250.0,4
H9G,2020,100.0,1
H9G,2021,280.0,4
H9G,2022,400.0,4
H9G,2023,200.0,2
H9G,2024,250.0,4
H9G,2025,100.0,1
H9H,2019,225.0,3
H9H,2020,725.0,4
H9H,2021,200.0,2
H9H,2022,745.0,6
H9H,2023,250.0,3
H9H,2024,100.0,1
H9H,2025,100.0,1
H9H,2026,275.0,2
H9J,2019,100.0,1
H9J,2020,170.0,3
H9J,2021,110.0,2
H9J,2022,550.0,4
H9J,2023,75.0,2
H9J,2024,130.0,2
H9J,2025,380.0,4
H9K,2019,30.0,1
H9K,2020,15.0,2
H9K,2021,100.0,1
H9K,2022,300.0,3
H9K,2023,245.0,3
H9K,2024,300.0,4
H9K,2025,250.0,3
H9K,2026,100.0,1
H9P,2024,100.0,1
H9R,2019,100.0,1
H9R,2020,875.0,9
H9R,2021,100.0,1
H9R,2022,525.0,5
H9R,2023,250.0,3
H9R,2024,250.0,3
H9R,2025,275.0,3
H9R,2026,200.0,2
H9S,2019,300.0,3
H9S,2020,365.0,4
H9S,2021,265.0,4
H9S,2022,435.0,4
H9S,2023,455.0,7
H9S,2024,375.0,5
H9S,2025,400.0,5
H9S,2026,550.0,4
H9W,2019,275.0,3
H9W,2020,400.0,3
H9W,2021,500.0,5
H9W,2022,1290.0,10
H9W,2023,1000.0,11
H9W,2024,1030.0,11
H9W,2025,900.0,9
H9W,2026,500.0,3
H9X,2019,25.0,1
H9X,2020,100.0,1
H9X,2022,200.0,2
H9X,2023,100.0,1
H9X,2024,100.0,1
H9X,2025,25.0,1
H9X,2026,400.0,2
J0A,2019,370.0,8
J0A,2020,1510.0,22
J0A,2021,600.0,11
J0A,2022,2180.0,20
J0A,2023,1315.0,20
J0A,2024,2160.0,31
J0A,2025,2050.0,26
J0A,2026,725.0,9
J0B,2019,2420.0,38
J0B,2020,5030.0,57
J0B,2021,2550.0,37
J0B,2022,11045.99,98
J0B,2023,6554.96,88
J0B,2024,6689.96,87
J0B,2025,7719.96,101
J0B,2026,3978.32,40
J0C,2019,965.0,15
J0C,2020,1675.0,29
J0C,2021,1135.0,15
J0C,2022,3395.0,31
J0C,2023,2112.0,26
J0C,2024,2825.0,34
J0C,2025,2790.0,33
J0C,2026,1025.0,8
J0E,2019,2150.0,31
J0E,2020,2370.0,28
J0E,2021,2659.0,34
J0E,2022,9250.0,84
J0E,2023,4497.0,58
J0E,2024,6047.0,78
J0E,2025,5865.0,71
J0E,2026,1870.0,19
J0G,2019,575.0,9
J0G,2020,692.0,9
J0G,2021,785.0,14
J0G,2022,1680.0,18
J0G,2023,1470.0,21
J0G,2024,1675.0,23
J0G,2025,1825.0,23
J0G,2026,1200.0,9
J0H,2019,2355.0,38
J0H,2020,2410.0,35
J0H,2021,3715.0,61
J0H,2022,9357.0,86
J0H,2023,5055.0,71
J0H,2024,5530.0,83
J0H,2025,5290.0,84
J0H,2026,2845.0,28
J0J,2019,725.0,15
J0J,2020,1650.85,24
J0J,2021,810.0,12
J0J,2022,4950.0,38
J0J,2023,1680.0,26
J0J,2024,2690.0,38
J0J,2025,2405.0,33
J0J,2026,875.0,13
J0K,2019,9017.0,147
J0K,2020,12981.0,199
J0K,2021,9655.0,141
J0K,2022,28774.5,262
J0K,2023,16125.0,209
J0K,2024,18785.0,248
J0K,2025,19412.0,252
J0K,2026,9790.0,92
J0L,2019,2147.6,43
J0L,2020,3239.6,62
J0L,2021,2724.6,50
J0L,2022,8454.6,89
J0L,2023,4627.6,76
J0L,2024,4586.6,80
J0L,2025,4944.6,80
J0L,2026,2728.2,32
J0M,2020,75.0,1
J0M,2022,100.0,1
J0N,2019,1685.0,37
J0N,2020,2245.0,42
J0N,2021,570.0,9
J0N,2022,3220.0,25
J0N,2023,985.0,15
J0N,2024,1326.0,20
J0N,2025,1290.0,21
J0N,2026,975.0,7
J0P,2019,570.0,11
J0P,2020,3030.0,26
J0P,2021,1095.0,14
J0P,2022,5095.0,38
J0P,2023,2155.0,33
J0P,2024,2395.0,36
J0P,2025,3225.0,42
J0P,2026,1325.0,14
J0R,2019,2090.0,30
J0R,2020,5811.0,76
J0R,2021,2775.0,35
J0R,2022,9826.0,87
J0R,2023,4935.0,63
J0R,2024,5925.0,78
J0R,2025,6088.32,81
J0R,2026,4233.32,33
J0S,2019,715.0,10
J0S,2020,1605.0,25
J0S,2021,1135.0,15
J0S,2022,4720.0,39
J0S,2023,2025.0,26
J0S,2024,2715.0,38
J0S,2025,2365.0,32
J0S,2026,2055.0,18
J0T,2019,3350.0,47
J0T,2020,4343.0,58
J0T,2021,3923.0,53
J0T,2022,11090.0,103
J0T,2023,6420.0,83
J0T,2024,8278.0,108
J0T,2025,8235.0,110
J0T,2026,5250.0,45
J0V,2019,1295.0,18
J0V,2020,3435.0,39
J0V,2021,1405.0,19
J0V,2022,5921.0,52
J0V,2023,3479.31,44
J0V,2024,4019.96,56
J0V,2025,3879.96,52
J0V,2026,1993.32,16
J0W,2019,375.0,6
J0W,2020,820.0,9
J0W,2021,710.0,12
J0W,2022,1790.0,16
J0W,2023,1110.0,15
J0W,2024,1315.0,17
J0W,2025,1410.0,20
J0W,2026,804.31,7
J0X,2019,830.0,13
J0X,2020,1645.0,15
J0X,2021,955.0,13
J0X,2022,2905.0,22
J0X,2023,1830.0,23
J0X,2024,1995.0,25
J0X,2025,2155.0,25
J0X,2026,1450.0,10
J0Y,2019,1116.0,13
J0Y,2020,803.0,14
J0Y,2021,826.0,9
J0Y,2022,2701.0,29
J0Y,2023,1546.0,22
J0Y,2024,1961.0,26
J0Y,2025,1976.0,26
J0Y,2026,952.0,11
J0Z,2019,1335.0,18
J0Z,2020,1660.0,29
J0Z,2021,1495.0,24
J0Z,2022,4683.0,44
J0Z,2023,1945.0,33
J0Z,2024,2670.0,36
J0Z,2025,2745.0,38
J0Z,2026,2575.0,22
J1A,2019,525.0,7
J1A,2020,660.0,9
J1A,2021,525.0,7
J1A,2022,1530.0,15
J1A,2023,750.0,9
J1A,2024,900.0,10
J1A,2025,875.0,10
J1A,2026,350.0,4
J1C,2019,95.0,2
J1C,2020,20.0,1
J1C,2021,35.0,2
J1C,2022,395.0,6
J1C,2023,175.0,3
J1C,2024,170.0,3
J1C,2025,230.0,4
J1C,2026,50.0,2
J1E,2019,685.0,11
J1E,2020,1780.0,31
J1E,2021,850.0,14
J1E,2022,2830.0,25
J1E,2023,1593.3,24
J1E,2024,2556.92,37
J1E,2025,2441.6,32
J1E,2026,1408.32,12
J1G,2019,565.0,11
J1G,2020,565.0,10
J1G,2021,495.0,8
J1G,2022,3285.0,32
J1G,2023,1635.0,24
J1G,2024,2240.0,31
J1G,2025,2620.0,37
J1G,2026,1225.0,10
J1H,2019,1155.0,16
J1H,2020,2305.0,34
J1H,2021,1865.0,24
J1H,2022,5375.0,51
J1H,2023,2071.66,31
J1H,2024,2614.96,38
J1H,2025,2699.97,42
J1H,2026,750.0,5
J1J,2019,1505.0,22
J1J,2020,3810.0,43
J1J,2021,3260.0,40
J1J,2022,9865.0,73
J1J,2023,5165.0,60
J1J,2024,5825.0,66
J1J,2025,6310.0,76
J1J,2026,2280.0,20
J1K,2019,665.0,8
J1K,2020,675.0,13
J1K,2021,750.0,9
J1K,2022,3260.0,26
J1K,2023,1185.0,13
J1K,2024,1860.0,20
J1K,2025,1605.0,18
J1K,2026,1200.0,7
J1L,2019,825.0,13
J1L,2020,1430.0,19
J1L,2021,1365.0,19
J1L,2022,5357.0,45
J1L,2023,3025.0,42
J1L,2024,3675.0,45
J1L,2025,3545.0,44
J1L,2026,1145.0,9
J1M,2019,250.0,4
J1M,2020,430.0,5
J1M,2021,250.0,3
J1M,2022,595.0,6
J1M,2023,290.0,4
J1M,2024,370.0,5
J1M,2025,460.0,6
J1M,2026,400.0,2
J1N,2019,1245.0,16
J1N,2020,1712.0,28
J1N,2021,1325.0,19
J1N,2022,5275.0,41
J1N,2023,2315.0,31
J1N,2024,2835.0,38
J1N,2025,2985.0,40
J1N,2026,1650.0,15
J1R,2019,245.0,5
J1R,2020,330.0,7
J1R,2021,100.0,1
J1R,2022,945.0,10
J1R,2023,592.0,10
J1R,2024,860.0,12
J1R,2025,945.0,14
J1R,2026,450.0,3
J1S,2019,290.0,4
J1S,2020,450.0,8
J1S,2021,340.0,6
J1S,2022,735.0,7
J1S,2023,400.0,5
J1S,2024,475.0,6
J1S,2025,370.0,5
J1S,2026,100.0,1
J1T,2019,265.0,7
J1T,2020,690.0,10
J1T,2021,610.0,9
J1T,2022,2105.0,22
J1T,2023,1040.0,13
J1T,2024,1020.0,13
J1T,2025,1125.0,13
J1T,2026,625.0,5
J1X,2019,2595.0,32
J1X,2020,4450.0,44
J1X,2021,2445.0,30
J1X,2022,12655.0,108
J1X,2023,5640.0,76
J1X,2024,6280.0,77
J1X,2025,6145.0,74
J1X,2026,2955.0,22
J1Z,2019,125.0,2
J1Z,2020,950.0,11
J1Z,2021,450.0,5
J1Z,2022,1020.0,7
J1Z,2023,340.0,4
J1Z,2024,250.0,3
J1Z,2025,450.0,5
J1Z,2026,500.0,3
J2A,2020,360.0,8
J2A,2021,555.0,9
J2A,2022,940.0,11
J2A,2023,480.0,6
J2A,2024,305.0,5
J2A,2025,635.0,9
J2A,2026,350.0,3
J2B,2019,1035.0,17
J2B,2020,1655.0,31
J2B,2021,1865.0,28
J2B,2022,3510.0,36
J2B,2023,2055.0,30
J2B,2024,1970.0,29
J2B,2025,2480.0,33
J2B,2026,2005.0,17
J2C,2019,1235.0,19
J2C,2020,3025.0,42
J2C,2021,1750.0,26
J2C,2022,6500.0,54
J2C,2023,3110.0,40
J2C,2024,3385.0,43
J2C,2025,3700.0,47
J2C,2026,2145.0,21
J2E,2020,45.0,2
J2E,2021,125.0,2
J2E,2022,230.0,2
J2E,2024,120.0,2
J2E,2025,220.0,3
J2E,2026,400.0,2
J2G,2019,1015.0,18
J2G,2020,1135.0,22
J2G,2021,1015.0,17
J2G,2022,5255.0,52
J2G,2023,1900.0,24
J2G,2024,2975.0,38
J2G,2025,1615.0,21
J2G,2026,1375.0,12
J2H,2019,335.0,7
J2H,2020,735.0,13
J2H,2021,600.0,9
J2H,2022,2750.0,29
J2H,2023,1595.0,24
J2H,2024,1290.0,20
J2H,2025,2030.0,29
J2H,2026,1430.0,20
J2J,2019,735.0,14
J2J,2020,930.0,18
J2J,2021,760.0,9
J2J,2022,2090.0,17
J2J,2023,1440.0,16
J2J,2024,1055.0,14
J2J,2025,1000.0,10
J2J,2026,860.0,8
J2K,2019,1100.0,13
J2K,2020,1515.0,21
J2K,2021,1040.0,17
J2K,2022,3805.0,34
J2K,2023,1755.0,22
J2K,2024,2495.0,30
J2K,2025,2215.0,29
J2K,2026,975.0,11
J2L,2019,300.0,4
J2L,2020,1275.0,11
J2L,2021,400.0,4
J2L,2022,2490.0,19
J2L,2023,1560.0,20
J2L,2024,1250.0,16
J2L,2025,1520.0,18
J2L,2026,1020.0,10
J2M,2019,440.0,7
J2M,2020,700.0,8
J2M,2021,970.0,8
J2M,2022,1660.0,13
J2M,2023,850.0,12
J2M,2024,955.0,15
J2M,2025,1010.0,14
J2M,2026,260.0,4
J2N,2019,350.0,4
J2N,2020,440.0,7
J2N,2021,350.0,4
J2N,2022,1105.0,8
J2N,2023,530.0,6
J2N,2024,730.0,9
J2N,2025,815.0,10
J2N,2026,200.0,1
J2R,2019,545.0,12
J2R,2020,510.0,10
J2R,2021,630.0,11
J2R,2022,1505.0,20
J2R,2023,1305.0,19
J2R,2024,1930.0,27
J2R,2025,2405.0,36
J2R,2026,1020.0,8
J2S,2019,4730.0,73
J2S,2020,5235.26,82
J2S,2021,4480.0,71
J2S,2022,9270.0,97
J2S,2023,5735.0,88
J2S,2024,6785.0,101
J2S,2025,8690.0,123
J2S,2026,4795.0,50
J2T,2019,1105.0,17
J2T,2020,1315.0,22
J2T,2021,1315.0,21
J2T,2022,2350.0,29
J2T,2023,1457.0,23
J2T,2024,2165.0,36
J2T,2025,2085.0,38
J2T,2026,400.0,6
J2W,2019,1180.0,17
J2W,2020,2180.0,38
J2W,2021,1710.0,25
J2W,2022,3440.0,33
J2W,2023,2010.0,29
J2W,2024,2385.0,37
J2W,2025,2225.0,30
J2W,2026,975.0,8
J2X,2019,565.0,8
J2X,2020,1105.0,14
J2X,2021,1120.0,15
J2X,2022,2085.0,22
J2X,2023,1194.97,16
J2X,2024,1379.96,21
J2X,2025,1729.96,22
J2X,2026,788.32,10
J2Y,2019,100.0,1
J2Y,2020,600.0,9
J2Y,2021,300.0,3
J2Y,2022,945.0,10
J2Y,2023,445.0,8
J2Y,2024,525.0,6
J2Y,2025,300.0,3
J3A,2019,1120.0,15
J3A,2020,1255.0,18
J3A,2021,770.0,10
J3A,2022,1885.0,19
J3A,2023,1730.0,22
J3A,2024,1300.0,17
J3A,2025,995.0,13
J3A,2026,220.0,3
J3B,2019,1850.0,27
J3B,2020,3490.0,49
J3B,2021,2335.0,27
J3B,2022,6415.0,55
J3B,2023,3190.0,44
J3B,2024,3875.0,50
J3B,2025,3185.0,45
J3B,2026,1225.0,12
J3E,2019,2630.0,43
J3E,2020,3170.0,41
J3E,2021,2835.0,34
J3E,2022,7120.0,61
J3E,2023,3805.0,51
J3E,2024,3120.0,40
J3E,2025,3700.0,46
J3E,2026,2065.0,18
J3G,2019,2435.0,46
J3G,2020,3760.0,55
J3G,2021,2290.0,33
J3G,2022,10005.0,89
J3G,2023,5815.0,76
J3G,2024,7375.0,105
J3G,2025,7300.0,111
J3G,2026,4400.0,38
J3H,2019,1655.0,31
J3H,2020,2985.0,38
J3H,2021,2810.0,36
J3H,2022,9890.0,86
J3H,2023,4590.0,63
J3H,2024,6415.0,79
J3H,2025,7340.0,94
J3H,2026,3960.0,32
J3L,2019,2300.0,36
J3L,2020,2665.0,33
J3L,2021,6495.0,98
J3L,2022,11030.0,92
J3L,2023,5430.0,71
J3L,2024,8456.0,116
J3L,2025,7610.0,96
J3L,2026,4965.26,41
J3M,2019,250.0,3
J3M,2020,70.0,2
J3M,2021,240.0,5
J3M,2022,1250.0,10
J3M,2023,475.0,7
J3M,2024,725.0,8
J3M,2025,775.0,8
J3M,2026,300.0,2
J3N,2019,500.0,6
J3N,2020,1550.0,18
J3N,2021,1000.0,18
J3N,2022,3570.0,33
J3N,2023,1220.0,17
J3N,2024,1935.0,28
J3N,2025,1860.0,24
J3N,2026,1220.0,12
J3P,2019,1440.0,22
J3P,2020,2632.0,34
J3P,2021,1060.0,19
J3P,2022,4785.0,42
J3P,2023,2741.64,42
J3P,2024,2704.96,41
J3P,2025,2689.96,36
J3P,2026,1424.99,12
J3R,2019,1470.0,19
J3R,2020,855.0,20
J3R,2021,1115.0,14
J3R,2022,3115.0,32
J3R,2023,1895.0,29
J3R,2024,1780.0,24
J3R,2025,1810.0,28
J3R,2026,515.0,4
J3T,2019,1400.0,23
J3T,2020,1515.0,26
J3T,2021,900.0,14
J3T,2022,2555.0,24
J3T,2023,1660.0,24
J3T,2024,2345.0,30
J3T,2025,2695.0,37
J3T,2026,575.0,6
J3V,2019,1520.0,27
J3V,2020,2455.0,35
J3V,2021,1925.0,24
J3V,2022,11336.0,82
J3V,2023,4910.0,58
J3V,2024,5244.0,62
J3V,2025,5953.0,73
J3V,2026,3473.2,29
J3X,2019,1400.0,26
J3X,2020,2355.0,35
J3X,2021,1670.0,25
J3X,2022,4535.0,40
J3X,2023,3095.0,46
J3X,2024,2779.44,40
J3X,2025,2185.55,28
J3X,2026,1050.0,14
J3Y,2019,2730.0,51
J3Y,2020,4175.0,56
J3Y,2021,3720.0,55
J3Y,2022,9790.0,93
J3Y,2023,4950.0,69
J3Y,2024,5875.0,79
J3Y,2025,5680.0,76
J3Y,2026,2355.0,20
J3Z,2019,125.0,2
J3Z,2020,315.0,5
J3Z,2021,400.0,4
J3Z,2022,875.0,7
J3Z,2023,280.0,4
J3Z,2024,730.0,8
J3Z,2025,525.0,6
J3Z,2026,300.0,2
J4B,2019,3900.0,59
J4B,2020,6090.0,62
J4B,2021,3935.0,58
J4B,2022,15705.0,131
J4B,2023,6520.0,80
J4B,2024,7545.0,87
J4B,2025,7365.0,90
J4B,2026,3334.99,36
J4G,2019,600.0,6
J4G,2020,770.0,12
J4G,2021,875.0,9
J4G,2022,3360.0,23
J4G,2023,1825.0,21
J4G,2024,1945.0,22
J4G,2025,1350.0,16
J4G,2026,500.0,5
J4H,2019,3800.0,46
J4H,2020,6900.0,69
J4H,2021,5340.0,58
J4H,2022,14816.0,99
J4H,2023,6675.0,81
J4H,2024,6855.0,79
J4H,2025,5700.0,69
J4H,2026,4330.0,37
J4J,2019,1340.0,23
J4J,2020,2815.0,39
J4J,2021,2475.0,40
J4J,2022,6865.0,64
J4J,2023,3705.0,52
J4J,2024,4460.0,61
J4J,2025,4405.0,62
J4J,2026,1595.0,16
J4K,2019,965.0,14
J4K,2020,1715.0,23
J4K,2021,1610.0,22
J4K,2022,5370.0,43
J4K,2023,2635.0,35
J4K,2024,3470.0,44
J4K,2025,2820.0,36
J4K,2026,1100.0,9
J4L,2019,1895.0,30
J4L,2020,1960.0,28
J4L,2021,1715.0,34
J4L,2022,6090.0,57
J4L,2023,2445.0,35
J4L,2024,2975.0,41
J4L,2025,2925.0,41
J4L,2026,1645.0,12
J4M,2019,1170.0,17
J4M,2020,1915.0,22
J4M,2021,1475.0,18
J4M,2022,3690.0,32
J4M,2023,1560.0,17
J4M,2024,1775.0,23
J4M,2025,1550.0,20
J4M,2026,1030.0,10
J4N,2019,1655.0,23
J4N,2020,3260.0,38
J4N,2021,2545.0,38
J4N,2022,8055.0,55
J4N,2023,4090.0,51
J4N,2024,5255.0,63
J4N,2025,4885.0,61
J4N,2026,2400.0,21
J4P,2019,1575.0,20
J4P,2020,2135.0,23
J4P,2021,1440.0,19
J4P,2022,5650.0,43
J4P,2023,2980.0,39
J4P,2024,3325.0,41
J4P,2025,2585.0,30
J4P,2026,2230.0,18
J4R,2019,825.0,9
J4R,2020,1680.0,13
J4R,2021,740.0,9
J4R,2022,2565.0,19
J4R,2023,1400.0,18
J4R,2024,1910.0,23
J4R,2025,1450.0,17
J4R,2026,640.0,4
J4S,2019,250.0,4
J4S,2020,240.0,4
J4S,2021,470.0,6
J4S,2022,1985.0,18
J4S,2023,965.0,15
J4S,2024,1355.0,17
J4S,2025,980.0,12
J4S,2026,200.0,4
J4T,2019,150.0,2
J4T,2020,300.0,7
J4T,2021,435.0,7
J4T,2022,805.0,10
J4T,2023,995.0,12
J4T,2024,680.0,10
J4T,2025,575.0,8
J4T,2026,510.0,7
J4V,2019,375.0,5
J4V,2020,515.0,6
J4V,2021,600.0,6
J4V,2022,2210.0,16
J4V,2023,1200.0,16
J4V,2024,1065.0,13
J4V,2025,1025.0,12
J4V,2026,200.0,1
J4W,2019,590.0,8
J4W,2020,445.0,8
J4W,2021,370.0,6
J4W,2022,1040.0,10
J4W,2023,575.0,7
J4W,2024,700.0,8
J4W,2025,655.0,8
J4W,2026,250.0,2
J4X,2019,755.0,14
J4X,2020,975.0,13
J4X,2021,470.0,9
J4X,2022,3935.0,35
J4X,2023,1650.0,25
J4X,2024,1980.0,27
J4X,2025,1950.0,25
J4X,2026,450.0,5
J4Y,2019,1660.0,24
J4Y,2020,1635.0,19
J4Y,2021,1555.0,21
J4Y,2022,3840.0,34
J4Y,2023,1475.0,20
J4Y,2024,1505.0,17
J4Y,2025,1425.0,17
J4Y,2026,1090.0,8
J4Z,2019,610.0,11
J4Z,2020,625.0,10
J4Z,2021,1055.0,14
J4Z,2022,2565.0,20
J4Z,2023,1465.0,19
J4Z,2024,1825.0,21
J4Z,2025,1510.0,19
J4Z,2026,1250.0,9
J5A,2019,135.0,6
J5A,2020,950.0,18
J5A,2021,875.0,11
J5A,2022,3105.0,28
J5A,2023,840.0,12
J5A,2024,1200.0,14
J5A,2025,1625.0,18
J5A,2026,900.0,7
J5B,2019,150.0,2
J5B,2020,120.0,2
J5B,2021,410.0,5
J5B,2022,700.0,5
J5B,2023,265.0,4
J5B,2024,495.0,7
J5B,2025,380.0,5
J5B,2026,350.0,3
J5C,2019,35.0,1
J5C,2020,800.0,12
J5C,2021,570.0,7
J5C,2022,1355.0,15
J5C,2023,245.0,5
J5C,2024,925.0,13
J5C,2025,720.0,10
J5C,2026,950.0,6
J5J,2019,335.0,9
J5J,2020,580.0,14
J5J,2021,445.0,7
J5J,2022,1515.0,18
J5J,2023,635.0,9
J5J,2024,590.0,8
J5J,2025,530.0,9
J5J,2026,225.0,2
J5K,2020,280.0,6
J5K,2021,230.0,3
J5K,2022,765.0,6
J5K,2023,520.0,8
J5K,2024,1015.0,14
J5K,2025,820.0,12
J5K,2026,400.0,4
J5L,2019,535.0,12
J5L,2020,1980.0,29
J5L,2021,700.0,10
J5L,2022,3190.0,24
J5L,2023,1595.0,24
J5L,2024,1870.0,30
J5L,2025,2315.0,36
J5L,2026,1745.0,17
J5M,2019,390.0,6
J5M,2020,1635.0,19
J5M,2021,350.0,6
J5M,2022,2250.0,18
J5M,2023,1575.0,20
J5M,2024,1600.0,19
J5M,2025,1470.0,19
J5M,2026,1100.0,7
J5N,2021,1575.0,28
J5N,2022,2330.0,28
J5N,2023,1450.0,22
J5N,2024,1660.0,25
J5N,2025,1350.0,19
J5N,2026,450.0,5
J5R,2019,1945.0,37
J5R,2020,5365.0,55
J5R,2021,2150.0,31
J5R,2022,8410.0,75
J5R,2023,3640.0,50
J5R,2024,4860.0,64
J5R,2025,3987.0,49
J5R,2026,3500.0,28
J5T,2019,825.0,11
J5T,2020,1080.0,18
J5T,2021,1075.0,15
J5T,2022,2400.0,20
J5T,2023,1270.0,17
J5T,2024,1310.0,18
J5T,2025,1250.0,19
J5T,2026,625.0,6
J5V,2019,255.0,4
J5V,2020,135.0,2
J5V,2021,140.0,2
J5V,2022,695.0,6
J5V,2023,420.0,6
J5V,2024,290.0,4
J5V,2025,245.0,3
J5V,2026,270.0,3
J5W,2019,1145.0,16
J5W,2020,2770.0,38
J5W,2021,1755.0,23
J5W,2022,6150.0,50
J5W,2023,2785.0,34
J5W,2024,2980.0,42
J5W,2025,3160.0,41
J5W,2026,2305.0,19
J5X,2019,50.0,2
J5X,2020,210.0,6
J5X,2021,20.0,1
J5X,2022,185.0,4
J5X,2023,215.0,5
J5X,2024,225.0,3
J5X,2025,125.0,2
J5X,2026,100.0,1
J5Y,2019,1790.0,26
J5Y,2020,1665.0,24
J5Y,2021,1905.0,25
J5Y,2022,5305.0,51
J5Y,2023,2360.0,29
J5Y,2024,3150.0,39
J5Y,2025,3660.0,47
J5Y,2026,1725.0,14
J5Z,2019,450.0,9
J5Z,2020,2065.0,23
J5Z,2021,815.0,12
J5Z,2022,2375.0,29
J5Z,2023,1560.0,23
J5Z,2024,1315.0,21
J5Z,2025,1810.0,24
J5Z,2026,815.0,8
J6A,2019,3280.0,49
J6A,2020,4435.0,61
J6A,2021,3735.0,51
J6A,2022,11850.0,100
J6A,2023,6035.5,80
J6A,2024,6795.0,90
J6A,2025,7407.0,101
J6A,2026,2110.0,21
J6E,2019,10670.0,192
J6E,2020,12135.0,194
J6E,2021,10280.0,156
J6E,2022,19935.0,179
J6E,2023,12561.62,182
J6E,2024,15189.96,199
J6E,2025,14673.77,198
J6E,2026,8376.65,71
J6J,2019,1065.0,16
J6J,2020,900.0,14
J6J,2021,850.0,12
J6J,2022,3440.0,28
J6J,2023,1270.0,16
J6J,2024,1205.0,18
J6J,2025,1100.0,15
J6J,2026,625.0,6
J6K,2019,455.0,9
J6K,2020,985.0,13
J6K,2021,190.0,4
J6K,2022,1470.0,14
J6K,2023,465.0,6
J6K,2024,1240.0,17
J6K,2025,1300.0,15
J6K,2026,930.0,9
J6N,2019,865.0,13
J6N,2020,635.0,13
J6N,2021,615.0,10
J6N,2022,2315.0,26
J6N,2023,1255.0,17
J6N,2024,1349.97,20
J6N,2025,2321.64,30
J6N,2026,890.0,10
J6R,2019,50.0,3
J6R,2020,265.0,5
J6R,2021,275.0,3
J6R,2022,1095.0,9
J6R,2023,1420.0,16
J6R,2024,1265.0,14
J6R,2025,1150.0,12
J6R,2026,920.0,6
J6S,2019,1490.0,22
J6S,2020,1695.0,25
J6S,2021,2345.0,34
J6S,2022,3960.0,35
J6S,2023,2125.0,31
J6S,2024,2685.0,34
J6S,2025,2250.0,31
J6S,2026,1377.0,16
J6T,2019,1070.0,24
J6T,2020,1117.0,20
J6T,2021,895.0,13
J6T,2022,3055.0,32
J6T,2023,1685.0,20
J6T,2024,1860.0,26
J6T,2025,1875.0,25
J6T,2026,1155.0,8
J6V,2019,335.0,5
J6V,2020,800.0,10
J6V,2021,675.0,10
J6V,2022,2000.0,22
J6V,2023,775.0,9
J6V,2024,880.0,12
J6V,2025,935.0,14
J6V,2026,600.0,5
J6W,2019,1330.0,29
J6W,2020,2025.0,30
J6W,2021,1775.0,28
J6W,2022,5350.0,50
J6W,2023,3290.0,47
J6W,2024,3665.0,48
J6W,2025,4960.0,52
J6W,2026,890.0,11
J6X,2019,1045.0,17
J6X,2020,1090.0,20
J6X,2021,1665.0,28
J6X,2022,4350.0,40
J6X,2023,2220.0,31
J6X,2024,3695.0,41
J6X,2025,3370.0,36
J6X,2026,2530.0,23
J6Y,2019,675.0,10
J6Y,2020,720.0,8
J6Y,2021,310.0,4
J6Y,2022,1005.0,13
J6Y,2023,600.0,11
J6Y,2024,1070.0,13
J6Y,2025,1435.0,13
J6Y,2026,420.0,3
J6Z,2019,460.0,11
J6Z,2020,850.0,19
J6Z,2021,772.0,11
J6Z,2022,2206.0,22
J6Z,2023,715.0,10
J6Z,2024,1470.0,20
J6Z,2025,1750.0,25
J6Z,2026,425.0,4
J7A,2019,1095.0,15
J7A,2020,665.0,13
J7A,2021,580.0,8
J7A,2022,3455.0,32
J7A,2023,1602.4,19
J7A,2024,2260.0,26
J7A,2025,2520.0,31
J7A,2026,979.0,8
J7B,2019,300.0,4
J7B,2020,510.0,9
J7B,2021,300.0,3
J7B,2022,1300.0,11
J7B,2023,750.0,8
J7B,2024,500.0,5
J7B,2025,715.0,10
J7B,2026,620.0,4
J7C,2019,1000.0,18
J7C,2020,2368.0,32
J7C,2021,1268.0,17
J7C,2022,5108.0,56
J7C,2023,2816.0,41
J7C,2024,3668.0,49
J7C,2025,4196.0,53
J7C,2026,1769.0,18
J7E,2019,2030.0,32
J7E,2020,3365.0,51
J7E,2021,2295.0,33
J7E,2022,7195.0,66
J7E,2023,2955.0,42
J7E,2024,5150.0,72
J7E,2025,5305.0,71
J7E,2026,3280.0,23
J7G,2019,535.0,7
J7G,2020,800.0,11
J7G,2021,535.0,7
J7G,2022,3015.0,24
J7G,2023,624.97,7
J7G,2024,1709.96,20
J7G,2025,1985.0,25
J7G,2026,850.0,8
J7H,2019,310.0,5
J7H,2020,504.99,7
J7H,2021,219.0,3
J7H,2022,810.0,10
J7H,2023,340.0,6
J7H,2024,275.0,3
J7H,2025,440.0,7
J7H,2026,100.0,1
J7J,2019,330.0,6
J7J,2020,665.0,17
J7J,2021,620.0,10
J7J,2022,2440.0,26
J7J,2023,1285.0,20
J7J,2024,1770.0,23
J7J,2025,1920.0,27
J7J,2026,665.0,6
J7K,2019,1000.0,18
J7K,2020,2000.0,28
J7K,2021,2145.0,30
J7K,2022,8125.0,73
J7K,2023,3420.0,46
J7K,2024,3910.0,51
J7K,2025,3995.0,55
J7K,2026,2980.0,29
J7L,2019,315.0,4
J7L,2020,1030.0,8
J7L,2021,360.0,7
J7L,2022,1785.0,17
J7L,2023,925.0,13
J7L,2024,1015.0,15
J7L,2025,1090.0,15
J7L,2026,500.0,6
J7M,2019,535.0,12
J7M,2020,1070.0,21
J7M,2021,870.0,15
J7M,2022,1750.0,20
J7M,2023,1090.0,20
J7M,2024,1530.0,24
J7M,2025,1205.0,18
J7M,2026,330.0,3
J7N,2019,730.0,14
J7N,2020,447.0,12
J7N,2021,450.0,7
J7N,2022,2205.0,23
J7N,2023,1240.0,19
J7N,2024,1595.0,26
J7N,2025,1740.0,24
J7N,2026,580.0,7
J7P,2019,1530.0,22
J7P,2020,1775.0,24
J7P,2021,1470.0,24
J7P,2022,5040.0,43
J7P,2023,2910.0,36
J7P,2024,2595.0,31
J7P,2025,3745.0,46
J7P,2026,850.0,7
J7R,2019,2435.0,35
J7R,2020,1520.0,23
J7R,2021,1990.0,30
J7R,2022,4515.0,34
J7R,2023,2982.0,43
J7R,2024,3640.0,54
J7R,2025,3290.0,55
J7R,2026,1075.0,11
J7T,2019,175.0,4
J7T,2020,520.0,15
J7T,2021,695.0,13
J7T,2022,1385.0,14
J7T,2023,875.0,12
J7T,2024,1420.0,22
J7T,2025,1310.0,19
J7T,2026,700.0,6
J7V,2019,1305.0,18
J7V,2020,1905.0,32
J7V,2021,1965.0,30
J7V,2022,4030.0,37
J7V,2023,2188.0,32
J7V,2024,3422.0,46
J7V,2025,2795.0,36
J7V,2026,3835.0,35
J7W,2019,100.0,1
J7W,2020,160.0,5
J7W,2021,75.0,3
J7W,2022,1030.0,14
J7W,2023,720.0,10
J7W,2024,720.0,10
J7W,2025,640.0,9
J7W,2026,1160.0,12
J7X,2019,210.0,4
J7X,2020,390.0,7
J7X,2021,160.0,4
J7X,2022,970.0,11
J7X,2023,300.0,5
J7X,2024,430.0,6
J7X,2025,275.0,4
J7X,2026,450.0,3
J7Y,2019,1260.0,25
J7Y,2020,1820.0,36
J7Y,2021,1860.0,28
J7Y,2022,6180.0,63
J7Y,2023,3550.0,50
J7Y,2024,4230.0,62
J7Y,2025,3865.0,57
J7Y,2026,1815.0,18
J7Z,2019,925.0,18
J7Z,2020,2397.0,44
J7Z,2021,1200.0,20
J7Z,2022,4935.0,43
J7Z,2023,2915.0,44
J7Z,2024,3280.0,50
J7Z,2025,2570.0,35
J7Z,2026,1390.0,21
J8A,2019,520.0,8
J8A,2020,1645.0,18
J8A,2021,710.0,11
J8A,2022,1400.0,13
J8A,2023,800.0,8
J8A,2024,875.0,12
J8A,2025,545.0,8
J8A,2026,1100.0,7
J8B,2019,421.0,7
J8B,2020,1051.0,19
J8B,2021,946.0,15
J8B,2022,4381.0,32
J8B,2023,1876.0,22
J8B,2024,2707.0,34
J8B,2025,3096.0,36
J8B,2026,2012.0,16
J8C,2019,710.0,8
J8C,2020,735.0,9
J8C,2021,370.0,5
J8C,2022,1890.0,16
J8C,2023,1330.0,15
J8C,2024,1710.0,20
J8C,2025,1860.0,23
J8C,2026,1165.0,11
J8E,2019,390.0,10
J8E,2020,690.0,14
J8E,2021,250.0,3
J8E,2022,2560.0,30
J8E,2023,1525.0,18
J8E,2024,1315.0,18
J8E,2025,1505.0,20
J8E,2026,775.0,6
J8G,2019,100.0,1
J8G,2020,20.0,1
J8G,2022,625.0,4
J8G,2023,300.0,4
J8G,2024,590.0,8
J8G,2025,450.0,5
J8G,2026,400.0,3
J8H,2019,415.0,6
J8H,2020,450.0,6
J8H,2021,315.0,5
J8H,2022,915.0,7
J8H,2023,715.0,10
J8H,2024,1135.0,17
J8H,2025,1625.0,23
J8H,2026,1215.0,12
J8L,2019,155.0,4
J8L,2020,925.0,6
J8L,2021,100.0,1
J8L,2022,980.0,9
J8L,2023,180.0,3
J8L,2024,540.0,8
J8L,2025,375.0,5
J8L,2026,425.0,4
J8M,2019,200.0,2
J8M,2020,130.0,3
J8M,2021,125.0,2
J8M,2022,240.0,3
J8M,2023,295.0,4
J8M,2024,240.0,3
J8M,2025,250.0,4
J8M,2026,200.0,1
J8N,2019,80.0,4
J8N,2020,190.0,5
J8N,2021,190.0,5
J8N,2022,515.0,5
J8N,2023,340.0,5
J8N,2024,410.0,7
J8N,2025,420.0,6
J8N,2026,340.0,4
J8P,2019,840.0,14
J8P,2020,1580.0,16
J8P,2021,1145.0,15
J8P,2022,2495.0,20
J8P,2023,1075.0,14
J8P,2024,1355.0,18
J8P,2025,900.0,12
J8P,2026,355.0,5
J8R,2019,975.0,14
J8R,2020,1700.0,21
J8R,2021,1320.0,17
J8R,2022,2935.0,21
J8R,2023,1400.0,17
J8R,2024,2065.0,27
J8R,2025,1550.0,19
J8R,2026,1620.0,12
J8T,2019,2060.0,30
J8T,2020,1755.0,31
J8T,2021,2305.0,33
J8T,2022,5845.0,46
J8T,2023,2920.0,39
J8T,2024,3360.0,41
J8T,2025,3200.0,39
J8T,2026,1450.0,12
J8V,2019,1255.0,17
J8V,2020,2635.0,22
J8V,2021,1495.0,18
J8V,2022,4745.0,38
J8V,2023,2170.0,30
J8V,2024,3410.0,44
J8V,2025,2835.0,37
J8V,2026,1650.0,13
J8X,2019,100.0,1
J8X,2020,730.0,9
J8X,2021,725.0,11
J8X,2022,2150.0,16
J8X,2023,630.0,10
J8X,2024,900.0,11
J8X,2025,1000.0,12
J8X,2026,625.0,4
J8Y,2019,2465.0,33
J8Y,2020,2630.0,35
J8Y,2021,2135.0,30
J8Y,2022,5251.0,38
J8Y,2023,2635.0,32
J8Y,2024,2715.0,32
J8Y,2025,3130.0,41
J8Y,2026,1750.0,15
J8Z,2019,1780.0,22
J8Z,2020,2330.0,24
J8Z,2021,1090.0,13
J8Z,2022,4620.0,35
J8Z,2023,2330.0,30
J8Z,2024,2120.0,25
J8Z,2025,1675.0,22
J8Z,2026,970.0,8
J9A,2019,2215.16,29
J9A,2020,5010.0,44
J9A,2021,3260.0,38
J9A,2022,8405.0,60
J9A,2023,3835.0,44
J9A,2024,4280.0,47
J9A,2025,3315.0,39
J9A,2026,2645.0,19
J9B,2019,100.0,3
J9B,2020,250.0,4
J9B,2021,300.0,4
J9B,2022,350.0,3
J9B,2023,250.0,4
J9B,2024,450.0,6
J9B,2025,350.0,4
J9B,2026,400.0,2
J9E,2019,70.0,2
J9E,2020,157.0,6
J9E,2021,140.0,4
J9E,2022,70.0,3
J9E,2023,285.0,6
J9E,2024,270.0,4
J9E,2025,215.0,4
J9E,2026,150.0,2
J9H,2019,950.0,12
J9H,2020,1885.0,20
J9H,2021,1435.0,21
J9H,2022,4290.0,33
J9H,2023,2315.0,30
J9H,2024,2110.0,27
J9H,2025,1895.0,23
J9H,2026,1100.0,8
J9J,2019,200.0,2
J9J,2020,480.0,8
J9J,2021,1165.0,15
J9J,2022,3600.0,25
J9J,2023,975.0,13
J9J,2024,725.0,10
J9J,2025,1250.0,18
J9J,2026,1400.0,7
J9L,2019,960.0,15
J9L,2020,1485.0,23
J9L,2021,1030.0,15
J9L,2022,3355.0,32
J9L,2023,1586.64,20
J9L,2024,2265.0,27
J9L,2025,2270.0,28
J9L,2026,975.0,10
J9P,2019,1795.0,28
J9P,2020,1620.0,24
J9P,2021,2305.0,27
J9P,2022,3330.0,30
J9P,2023,3035.0,43
J9P,2024,3355.0,47
J9P,2025,3260.0,46
J9P,2026,1275.0,10
J9T,2019,670.0,14
J9T,2020,1535.0,17
J9T,2021,610.0,10
J9T,2022,2360.0,22
J9T,2023,1635.0,24
J9T,2024,2245.0,36
J9T,2025,1644.0,25
J9T,2026,965.0,7
J9V,2019,240.0,4
J9V,2020,100.0,1
J9V,2021,110.0,2
J9V,2022,700.0,4
J9V,2023,200.0,2
J9V,2024,200.0,2
J9V,2025,250.0,3
J9X,2019,1715.0,24
J9X,2020,2900.0,39
J9X,2021,2165.0,29
J9X,2022,6550.0,58
J9X,2023,2905.0,35
J9X,2024,3250.0,45
J9X,2025,3240.0,40
J9X,2026,2000.0,13
J9Y,2019,275.0,3
J9Y,2020,455.0,10
J9Y,2021,200.0,2
J9Y,2022,1335.0,14
J9Y,2023,700.0,8
J9Y,2024,565.0,7
J9Y,2025,600.0,7
J9Y,2026,250.0,2
J9Z,2019,835.0,10
J9Z,2020,1580.0,19
J9Z,2021,460.0,8
J9Z,2022,1740.0,17
J9Z,2023,750.0,13
J9Z,2024,1110.0,20
J9Z,2025,820.0,12
J9Z,2026,427.0,7
